Module,Title,Type,Link
Dermatologie,ITEM 183 - HYPERSENSIBILITE-ALLERGIE CUTANEE,PDF,https://drive.google.com/file/d/1rYJMfR8Kqd2p4BkQ35MK5diC_qAywQus/view?usp=drivesdk
Dermatologie,TROUBLES DES PHANERES,PDF,https://drive.google.com/file/d/1DOOjK0NOAiBuV8QyVoVDv3gZ-Yrnd1tB/view?usp=drivesdk
Dermatologie,ITEM 167 - ECTOPARASITOSE CUTANEE,PDF,https://drive.google.com/file/d/1V3aZ9WraI7URKaO0eUlt5zHtha-LBKPJ/view?usp=drivesdk
Dermatologie,ULCERATION MUQUEUSE,PDF,https://drive.google.com/file/d/13Pls-Xqh154l6stPBaTC7y-EMf-ArlWr/view?usp=drivesdk
Dermatologie,ITEM 152 - INFECTION CUTANEOMUQUEUSE,PDF,https://drive.google.com/file/d/1ArXOF6U01MTA2GZp97RhNjxlPe6j1f8a/view?usp=drivesdk
Dermatologie,ITEM 322 - TOXIDERMIE MEDICAMENTEUSE,PDF,https://drive.google.com/file/d/1nKUHokOeDiE0lJv2-TA0RGq3NLvAcTP4/view?usp=drivesdk
Dermatologie,ITEM 345 - GROSSE JAMBE ROUGE AIGUE,PDF,https://drive.google.com/file/d/1UeTk23e6kWGbE9yQJXctlOS9xnr0FVxT/view?usp=drivesdk
Dermatologie,ITEM 299 - TUMEUR CUTANEE,PDF,https://drive.google.com/file/d/1aD7X2EZfZ3RZuFqYMI3L01uTYMi7HTjZ/view?usp=drivesdk
Dermatologie,ITEM 113 - PRURIT,PDF,https://drive.google.com/file/d/1LqOGLcTYwxvUX8kh0bqM_ZtH3UBCqh3Y/view?usp=drivesdk
Dermatologie,ITEM 226 - ULCERE DE JAMBE,PDF,https://drive.google.com/file/d/1f_Z4sdFLrRmxKu02-eIA0K4n6ChymgCx/view?usp=drivesdk
Dermatologie,ITEM 316 - LYMPHOME CUTANE,PDF,https://drive.google.com/file/d/1C6kSu9W0oJb2SStT3nLTjLcFyK9BC0VO/view?usp=drivesdk
Dermatologie,ITEM 112 - EXANTHEME-ERYTHRODERMIE,PDF,https://drive.google.com/file/d/1EpWgN0kxKpA5XfKIbC2lwsfmUEJHzHqz/view?usp=drivesdk
Dermatologie,ITEM 160 - EXANTHEME FEBRILE_0,PDF,https://drive.google.com/file/d/1dfre736Hsa_AoRFQbiUn8LwnljxgSJ7L/view?usp=drivesdk
Dermatologie,ITEM 114 - PSORIASIS,PDF,https://drive.google.com/file/d/1vQQfrcqAYA6AyEEiI1Vaz5W7qsAG2RoR/view?usp=drivesdk
Dermatologie,ITEM 111 - HEMANGIOME-MALFORMATION VASCULAIRE,PDF,https://drive.google.com/file/d/1ustMjE6RR44QnQTqR47FtKiHx0UX2qbX/view?usp=drivesdk
Dermatologie,ITEM 109 - DERMATOSE FACIALE,PDF,https://drive.google.com/file/d/1kB04Yf_dTySHmEfcOrhHn8Txh9sErYG-/view?usp=drivesdk
Dermatologie,ITEM 110 - DERMATOSE BULLEUSE AUTOIMMUNE,PDF,https://drive.google.com/file/d/1OjzRCruzTge5A85V0-Pqb5XbWteNkvvb/view?usp=drivesdk
Anesthésie,ITEM 227 - SURVEILLANCE ABORDS VEINEUX,PDF,https://drive.google.com/file/d/1g8ev7OPGHyisPGE1OiN4-MIJC7tUlV4T/view?usp=drivesdk
Anesthésie,ITEM 133 - ANESTHESIE,PDF,https://drive.google.com/file/d/1IqZoGyFhVfwJc_FU-KSrTFqsmqsPI2fq/view?usp=drivesdk
Cancérologie,ITEM 291 - TRAITEMENT CANCER,PDF,https://drive.google.com/file/d/1quK-PzA2yQrROqG3-28_gYa2ljuaODNr/view?usp=drivesdk
Cancérologie,ITEM 289 - DIAGNOSTIC DES CANCERS,PDF,https://drive.google.com/file/d/1LHySYtaxBNZ_4_RcKszGu3bF7U7b6BL0/view?usp=drivesdk
Cancérologie,ITEM 292 - PRISE EN CHARGE CANCEREUX,PDF,https://drive.google.com/file/d/1LjPUrgFagcrwQvB3kRDaSkNjp2AMydUO/view?usp=drivesdk
Cancérologie,ITEM 290 - ANATOMOPATHOLOGIE,PDF,https://drive.google.com/file/d/1vQnaY2oZ_NnhejnCUJTZlEJB7ljhDXfA/view?usp=drivesdk
Cancérologie,ITEM 287 - EPIDEMIO-FDR-PREVENTION-DEPISTAGE,PDF,https://drive.google.com/file/d/1P4mirglG1YkQdu_zOcKlFZmmFAqb-mmT/view?usp=drivesdk
Cancérologie,ITEM 288 - CANCEROGENESE,PDF,https://drive.google.com/file/d/1L3NbVSKpBR_JMz5AP-Vqei-Zi89q1AdE/view?usp=drivesdk
Cardiologie,ITEM 337 - SYNCOPE-LIPOTHYMIE,PDF,https://drive.google.com/file/d/1AJGgsBS9cUMkCFo_rOnoBvtbF0mXRixt/view?usp=drivesdk
Cardiologie,ITEM 228 - DOULEUR THORACIQUE - DISSECTION,PDF,https://drive.google.com/file/d/1TP90pJB07f5ZGp87gpkp7ztjM5DD_VYu/view?usp=drivesdk
Cardiologie,ITEM 234 - TROUBLES DE CONDUCTION,PDF,https://drive.google.com/file/d/17V6pn5paTTUgh5Z-mqgU8Alh3fYT9Ysi/view?usp=drivesdk
Cardiologie,ITEM 236 - SOUFFLE CHEZ LENFANT,PDF,https://drive.google.com/file/d/1gLZwr9J0DCGR7loXrB1BxwWmutZRDD3B/view?usp=drivesdk
Cardiologie,ITEM 334 - SCA,PDF,https://drive.google.com/file/d/1Mhm0-pgu03-zUEEJU--Yx_N4xA8BEh4K/view?usp=drivesdk
Cardiologie,ITEM 232 - INSUFFISANCE CARDIAQUE CHRONIQUE,PDF,https://drive.google.com/file/d/1HytBk6ICJ4IeQaK0h_OTqnR-c1RU5GVH/view?usp=drivesdk
Cardiologie,ITEM 230 - FA,PDF,https://drive.google.com/file/d/1eIDPf9HXYtjMguElxXYtSow9s-yrmrJl/view?usp=drivesdk
Cardiologie,ITEM 334 - ANGOR CHRONIQUE STABLE_V2,PDF,https://drive.google.com/file/d/1gwSsfEDFhFab-6Zf3aeAAYKlFZZwX_Xz/view?usp=drivesdk
Cardiologie,ITEM 225 - INSUFFISANCE VEINEUSE CHRONIQUE,PDF,https://drive.google.com/file/d/1y-jE6jd8l7ysWRbjrPTcCK8sTFTxcC51/view?usp=drivesdk
Cardiologie,ITEM 329 - TRAUMATISME VASCULAIRE,PDF,https://drive.google.com/file/d/1kIntsThsQTnsihNhfc8XGs1u-UKYZw7W/view?usp=drivesdk
Cardiologie,ITEM 235 - PALPITATIONS - TROUBLES DU RYTHME,PDF,https://drive.google.com/file/d/1PZX0ASr0nr71jFGVDVKxj9P_MyNJAlGi/view?usp=drivesdk
Cardiologie,ITEM 233 - PERICARDITE,PDF,https://drive.google.com/file/d/1tDMc7EwfjcQdq2Oja2VOe63e_nVmDFcM/view?usp=drivesdk
Cardiologie,ITEM 221 - HTA,PDF,https://drive.google.com/file/d/1lVFSNZNDHGZfiLbhAhi5njukVcIV7ahk/view?usp=drivesdk
Cardiologie,ITEM 232 - INSUFFISANCE CARDIAQUE AIGUE,PDF,https://drive.google.com/file/d/1ztIQwCpVKvqb5GF6bP1RXBIucV5C4sbp/view?usp=drivesdk
Cardiologie,ITEM 229 - ECG,PDF,https://drive.google.com/file/d/1c7IE4_9RQm7mYba9Ity1MWNCew7iG_PR/view?usp=drivesdk
Cardiologie,ITEM 223 - ANEVRISME - ARTERIOPATHIE VISCERALE,PDF,https://drive.google.com/file/d/1YOjpcpt2eKFUnHRuWOg6A1BHwX9vmQv3/view?usp=drivesdk
Cardiologie,ITEM 150 - SURVEILLANCE VALVE-PROTHESE,PDF,https://drive.google.com/file/d/1La_991_CW7bbY30TYD4V3XKw06iW0QfZ/view?usp=drivesdk
Cardiologie,ITEM 219 - FDRCV,PDF,https://drive.google.com/file/d/1wJjj3NpRtAWTOsD7UqMM9pigHlZlTU5p/view?usp=drivesdk
Cardiologie,ITEM 218 - ATHEROME,PDF,https://drive.google.com/file/d/1ADkqLu4D6J_WX6togpbrpF_g-nSH0MF0/view?usp=drivesdk
Cardiologie,ITEM 231 - VALVULOPATHIES_V2,PDF,https://drive.google.com/file/d/1ac7c6MChEhaYaZPjIb4kXTLfMpocqLBY/view?usp=drivesdk
Cardiologie,ITEM 223 - AOMI - ISCHEMIE AIGUE MI_V2,PDF,https://drive.google.com/file/d/18SLZbmdH4loXy9nJo928q3ph1OeXk94L/view?usp=drivesdk
CMF ORL,ITEM 354 - CORPS ETRANGER VADS,PDF,https://drive.google.com/file/d/1t_-s6YA1fsGxCdeivpOi--Mc9JcP0Fe0/view?usp=drivesdk
CMF ORL,ITEM 97 - DOULEUR BUCCALE,PDF,https://drive.google.com/file/d/13z0HNT6T7NIjXJQBAGr8WpmMFf_QL1As/view?usp=drivesdk
CMF ORL,ITEM 86 - DYSPHONIE,PDF,https://drive.google.com/file/d/1Y5iNkx9lA00PiCgha0uYZbn9zad6HHSC/view?usp=drivesdk
CMF ORL,ITEM 99 - PARALYSIE FACIALE,PDF,https://drive.google.com/file/d/133kJh_NXnavfSpe5MSh6cVr1IurU5EfF/view?usp=drivesdk
CMF ORL,ITEM 88 - GLANDES SALIVAIRES,PDF,https://drive.google.com/file/d/1-8XYIJPV0uEunxorQmIIJZLafGDcm8s-/view?usp=drivesdk
CMF ORL,ITEM 330 - TRAUMA MAXILLOFACIAL,PDF,https://drive.google.com/file/d/1lA_fjD_OkN2u2c0nXsPbbS-gnz1x6jkZ/view?usp=drivesdk
CMF ORL,ITEM 85 - EPISTAXIS,PDF,https://drive.google.com/file/d/12tVHYwuQ0t7f2baVMBspWal6GZlCHEpi/view?usp=drivesdk
CMF ORL,ITEM 46 - ANOMALIE MAXILLOFACIALE BUCCODENTAIRE,PDF,https://drive.google.com/file/d/1qqwW6-QmuwATZWeVnl7n4Z__M8sEgTDS/view?usp=drivesdk
CMF ORL,ITEM 87 - ALTERATION FONCTION AUDITIVE,PDF,https://drive.google.com/file/d/1udfPK7MVNzNrVWeSVhKdgCJXWP4e77nl/view?usp=drivesdk
CMF ORL,ITEM 295 - TUMEURS ORL,PDF,https://drive.google.com/file/d/1elQ7lrSLI52aRvHrtNzLonRDhZqhUkxy/view?usp=drivesdk
CMF ORL,ITEM 344 - INFECTION DENTAIRE,PDF,https://drive.google.com/file/d/1KXy08Q1atYeyi9dWMz_DqzLnV930exQ1/view?usp=drivesdk
CMF ORL,ITEM 304 - TUMEUR MAXILLOMANDIBULAIRE,PDF,https://drive.google.com/file/d/1R-n76JbWk0vBz1yCPD9rq0OFPrFl6REF/view?usp=drivesdk
CMF ORL,ITEM 147 - OTITE,PDF,https://drive.google.com/file/d/1a33hAlrR5oMYIES8wW9fwW7e6Jljm6E8/view?usp=drivesdk
CMF ORL,ITEM 270 - DYSPHAGIE_0,PDF,https://drive.google.com/file/d/1VcNgKqhj6AK-N7T5tw3wuKVkmkyH5HHJ/view?usp=drivesdk
CMF ORL,ITEM 199 - DYSPNEE LARYNGEE,PDF,https://drive.google.com/file/d/19Ng_ES8mDlqJq5qVT2y6FffLoLtrnsI4/view?usp=drivesdk
CMF ORL,ITEM 146 - ANGINE - RHINOPHARYNGITE,PDF,https://drive.google.com/file/d/1PBqDBkAliE3HfeDK-hOG0YyUoiK6kiVa/view?usp=drivesdk
CMF ORL,ITEM 101 - VERTIGE,PDF,https://drive.google.com/file/d/1GP3Tfq9qinUTl5V3djy0y75cZLqccqzk/view?usp=drivesdk
CMF ORL,ITEM 145 - INFECTION NASOSINUSIENNE,PDF,https://drive.google.com/file/d/15Z7DLFornjo3aiRE7w-_LPdW7qVimSzz/view?usp=drivesdk
CMF ORL,ITEM 127 - PRESBYACOUSIE,PDF,https://drive.google.com/file/d/1k5AVuYJtWJqCZ-cHu2q4YO7Rp0A3nG_R/view?usp=drivesdk
CMF ORL,ITEM 115 - HANDICAP AUDITIF,PDF,https://drive.google.com/file/d/1nK5qILwORmQgsFItFtfK5DaA60Nxi8Qn/view?usp=drivesdk
Douleur - Soins palliatifs,ITEM 140 - SOINS PALLIATIFS EN REANIMATION,PDF,https://drive.google.com/file/d/1iwa1RKM6Y1cbu_4J8yAL07TIQura5TF8/view?usp=drivesdk
Douleur - Soins palliatifs,ITEM 135 - DOULEUR EN SANTE MENTALE,PDF,https://drive.google.com/file/d/1Tvzf3AriGYhLkkasip4h1QWu8oJirsuU/view?usp=drivesdk
Douleur - Soins palliatifs,ITEM 139 - SOINS PALLIATIFS EN PEDIATRIE,PDF,https://drive.google.com/file/d/1epvgaJVTYrWvcIluAp6mwcRf2QeA-ZZZ/view?usp=drivesdk
Douleur - Soins palliatifs,ITEM 136 - SOINS PALLIATIFS-CLINIQUE,PDF,https://drive.google.com/file/d/12nYikdsOhqigf4lqzYIgJL5KtFkabeKo/view?usp=drivesdk
Douleur - Soins palliatifs,ITEM 132 - ANTALGIQUE,PDF,https://drive.google.com/file/d/1rcttDxS6rUKajTcjeuVJedemlmfxoEH5/view?usp=drivesdk
Douleur - Soins palliatifs,ITEM 138 - SOINS PALLIATIFS-FIN DE VIE,PDF,https://drive.google.com/file/d/1CdRSqUjmdNk1Wl7PQEwP6M0lwg99Dqlk/view?usp=drivesdk
Douleur - Soins palliatifs,ITEM 137 - SOINS PALLIATIFS-ETHIQUE-LEGAL,PDF,https://drive.google.com/file/d/1DlkvXHbXBIMipICO-0wAQcOgGe9RK5fp/view?usp=drivesdk
Douleur - Soins palliatifs,ITEM 134 - DOULEUR ENFANT_0,PDF,https://drive.google.com/file/d/16eLM3wXPSfGDXhD1ewfF8cocOrrXEqmC/view?usp=drivesdk
Douleur - Soins palliatifs,ITEM 131 - DOULEUR,PDF,https://drive.google.com/file/d/1lyDG_nFV-soavTeqC84GN81rLV6kbOrw/view?usp=drivesdk
MPR,ITEM 115 - HANDICAP,PDF,https://drive.google.com/file/d/1uY34vdPbck6WA6zfxREqftJ9KX1l4H6W/view?usp=drivesdk
MPR,ITEM 116 - COMPLICATION IMMOBILITE,PDF,https://drive.google.com/file/d/1WGkzloe_Pa1Tj3vLx4Vawb3-vfSZodV1/view?usp=drivesdk
MPR,ITEM 118 - REEDUCATION-READAPTATION,PDF,https://drive.google.com/file/d/1i7Ck1uIe1buz1q4RESHpP31k4WgC7DB6/view?usp=drivesdk
MPR,ITEM 324 - CURE THERMALE,PDF,https://drive.google.com/file/d/1AcVdee03elKFfP9SVwu-TxUAE_4pw3Ej/view?usp=drivesdk
MPR,ITEM 117 - HANDICAP MENTAL-PSYCHIQUE_0,PDF,https://drive.google.com/file/d/1HJAaJNMQYL16kUZsXKFAP7S6w0Xa7KRf/view?usp=drivesdk
MPR,ITEM 324 - APPAREILLAGE-AIDES TECHNIQUES,PDF,https://drive.google.com/file/d/1oU1SDOAzKjVKACunrUaqHoqxK9hJkayL/view?usp=drivesdk
Hématologie,ITEM 315 - LEUCEMIE LYMPHOIDE CHRONIQUE,PDF,https://drive.google.com/file/d/1pWhO0LwW6ehDIBE_JVcd__bj-9Yem7N-/view?usp=drivesdk
Hématologie,ITEM 316 - LYMPHOME,PDF,https://drive.google.com/file/d/1RhQLdY6tGBlSIkB1w_vkBHqYhSX9E9_T/view?usp=drivesdk
Hématologie,ITEM 314 - SYNDROME MYELOPROLIFERATIF,PDF,https://drive.google.com/file/d/1q6o0bZeunQMa3KIsNALYHAOW6844KO6e/view?usp=drivesdk
Hématologie,ITEM 325 - TRANSFUSION,PDF,https://drive.google.com/file/d/1FNDgmSDioYp1dY9h39ZJdsQUFFzI7jqa/view?usp=drivesdk
Hématologie,ITEM 317 - MYELOME MULTIPLE,PDF,https://drive.google.com/file/d/1u4LheNeW2U8w-Djcp234TsOklERY-QS6/view?usp=drivesdk
Hématologie,ITEM 313 - SYNDROME MYELODYSPLASIQUE,PDF,https://drive.google.com/file/d/1kTAjLR6JGtmHwExMhehAt1Q-yr3rbNc9/view?usp=drivesdk
Hématologie,ITEM 312 - LEUCEMIE AIGUE,PDF,https://drive.google.com/file/d/17l8iFYWYXBW8-VhRkiSvXQdxY4jzq9oB/view?usp=drivesdk
Hématologie,ITEM 293 - AGRANULOCYTOSE,PDF,https://drive.google.com/file/d/1G3V5Kq64WpDPzxT4MZrMZAWeGJ3RVMGU/view?usp=drivesdk
Hématologie,ITEM 291 - TTT HEMOPATHIE MALIGNE,PDF,https://drive.google.com/file/d/1URD9TNkZHkXO9jtrhqeIvftfvxKu6Oir/view?usp=drivesdk
Hématologie,ITEM 210 - THROMBOPENIE,PDF,https://drive.google.com/file/d/1CHfJ6M0_BHCPJZc81FtFqLC9b9LqP9Iw/view?usp=drivesdk
Hématologie,ITEM 272 - SPLENOMEGALIE,PDF,https://drive.google.com/file/d/1ci_hreUSiaGDn7dtbnT2HIa2RP9LJDHR/view?usp=drivesdk
Hématologie,ITEM 208 - HEMOGRAMME,PDF,https://drive.google.com/file/d/1maivyubgCwzLZ6hqIWmNWmCBqMpabchZ/view?usp=drivesdk
Hématologie,ITEM 209 - ANEMIE,PDF,https://drive.google.com/file/d/11VUkPur7mimcPFV3EAS7MIbi2RVHKCOY/view?usp=drivesdk
Hématologie,ITEM 212 - SYNDROME HEMORRAGIQUE,PDF,https://drive.google.com/file/d/1EZfa0d8xtcud5iFJdrQPUxVsZq-hoqrL/view?usp=drivesdk
Hématologie,ITEM 213 - SYNDROME MONONUCLEOSIQUE,PDF,https://drive.google.com/file/d/1LBIm6ngdpSA55veab6jASlaFqBAskPG_/view?usp=drivesdk
Hématologie,ITEM 198 - GREFFE CELLULES SOUCHES,PDF,https://drive.google.com/file/d/1O5L58VdO6HGAsU6f7dPq-DSM9GxVC2Ag/view?usp=drivesdk
Médecine du travail,ITEM 180 - ACCIDENT TRAVAIL-MALADIE PROFESSIONNELLE,PDF,https://drive.google.com/file/d/1Lo9S1P_gldFwLQfBusR0HgDNdd-ZjdVS/view?usp=drivesdk
Médecine du travail,ITEM 178 - RISQUES PROFESSIONNELS,PDF,https://drive.google.com/file/d/12zgk9JidC8nid1OZLl1MSLiboJGyGknB/view?usp=drivesdk
Médecine du travail,ITEM 179 - MEDECINE DU TRAVAIL,PDF,https://drive.google.com/file/d/1lHiOWGo1OkFk8_3-lPT0oJT8oN3uuWOJ/view?usp=drivesdk
Médecine du travail,ITEM 176 - RADIOPROTECTION,PDF,https://drive.google.com/file/d/1vtTD5u3PKwGQhvCOoFQR7iq7Jpas-ufB/view?usp=drivesdk
Mises à jour 2018-Début 2019,ITEM 51 - RETARD DE CROISSANCE,PDF,https://drive.google.com/file/d/1xc1entNwBRffJ8tyssEj_TvcSi91g6vR/view?usp=drivesdk
Mises à jour 2018-Début 2019,ITEM 48 - PATHOLOGIE GENITO-SCROTALE,PDF,https://drive.google.com/file/d/14HIga8zlmqHlmk9GRDymQiz8oICxafQV/view?usp=drivesdk
Mises à jour 2018-Début 2019,ITEM 52 - BOITERIE ENFANT,PDF,https://drive.google.com/file/d/1xFgKqOuM07om6vR9_iOQ3AYAqYT6jD7l/view?usp=drivesdk
Mises à jour 2018-Début 2019,ITEM 50 - STRABISME ENFANT,PDF,https://drive.google.com/file/d/13NvZ6h72Ll5HP1fiNnfALunR4sLSOkTZ/view?usp=drivesdk
Mises à jour 2018-Début 2019,ITEM 93 - RADICULALGIE-SYNDROME CANALAIRE,PDF,https://drive.google.com/file/d/1aym4CUkMtH562OnI8_LKn3nfYcjYM_3l/view?usp=drivesdk
Mises à jour 2018-Début 2019,ITEM 92 - RACHIALGIE,PDF,https://drive.google.com/file/d/1l0qR-912brjS07NvCMe6Gngm0en_jVqK/view?usp=drivesdk
Mises à jour 2018-Début 2019,ITEM 84 - PATHOLOGIE PAUPIERE,PDF,https://drive.google.com/file/d/17Z9h1Rg0S-3PXJePyBQtzUaZRD5PFOAy/view?usp=drivesdk
Mises à jour 2018-Début 2019,ITEM 51 - RETARD DE CROISSANCE,PDF,https://drive.google.com/file/d/1sEiTHmDj4JVYnQABakKYadyAGv9l6uHc/view?usp=drivesdk
Mises à jour 2018-Début 2019,ITEM 80-2 - NOIAA,PDF,https://drive.google.com/file/d/1BgD7VsNXOO_G09dc-bTagp9RA-DSNL_a/view?usp=drivesdk
Mises à jour 2018-Début 2019,ITEM 83 - TROUBLE DE REFRACTION,PDF,https://drive.google.com/file/d/1WJJxWmQPta9CtwEzRl8SW67ljSggsQNb/view?usp=drivesdk
Mises à jour 2018-Début 2019,ITEM 81 - OEIL ROUGE DOULOUREUX,PDF,https://drive.google.com/file/d/1QjQpmNqLXWniLmQNi-za7kbbPjoJO7rD/view?usp=drivesdk
Mises à jour 2018-Début 2019,ITEM 82 - GLAUCOME CHRONIQUE,PDF,https://drive.google.com/file/d/1cHadCeOCjOvJJTRHLRw2MqhjsI9rnJNF/view?usp=drivesdk
Mises à jour 2018-Début 2019,ITEM 80-1 - ANOMALIE VISION BRUTALE,PDF,https://drive.google.com/file/d/13tB8AVUkbWqaFooCxOWaDaRWKd-Upuqb/view?usp=drivesdk
Mises à jour 2018-Début 2019,ITEM 48 - PATHOLOGIE GENITO-SCROTALE,PDF,https://drive.google.com/file/d/1i6tB-j63hs25jcEdSbO5WIRCDYGYWhRc/view?usp=drivesdk
Mises à jour 2018-Début 2019,ITEM 80-5 - OVCR,PDF,https://drive.google.com/file/d/1GpgWaAONFO55AMGx6_-piBLzBN_zWzBr/view?usp=drivesdk
Mises à jour 2018-Début 2019,ITEM 80-4 - OACR,PDF,https://drive.google.com/file/d/14WBg_Xbvtb4s7qYR5iCct37RvbppaTSW/view?usp=drivesdk
Mises à jour 2018-Début 2019,ITEM 80-3 - NORB,PDF,https://drive.google.com/file/d/15JayQsuDhf4EYBf2DGxn8ZXK9qqpHv3d/view?usp=drivesdk
Mises à jour 2018-Début 2019,ITEM 79 - ALTERATION FONCTION VISUELLE,PDF,https://drive.google.com/file/d/1FgFx3f6utO_6-D7tcFKy05iTt2XoN3fN/view?usp=drivesdk
Mises à jour 2018-Début 2019,ITEM 50 - STRABISME ENFANT,PDF,https://drive.google.com/file/d/1PaopYT2HHOYn6T83xFVukRrsc8SReWat/view?usp=drivesdk
Mises à jour 2018-Début 2019,ITEM 73 - TABAC,PDF,https://drive.google.com/file/d/1D39NJa2P284MwLxIOOUKE46eCXdTUzGN/view?usp=drivesdk
Mises à jour 2018-Début 2019,ITEM 53 - DEVELOPPEMENT PSYCHOMOTEUR,PDF,https://drive.google.com/file/d/1hRO928aw3zBleHRAGb1GndZokJT1xxuO/view?usp=drivesdk
Mises à jour 2018-Début 2019,ITEM 56- TROUBLE SEXUALITE DE L_HOMME,PDF,https://drive.google.com/file/d/1RS-AMniXlXidOIfweUIGkjvYJGZSe3zP/view?usp=drivesdk
Mises à jour 2018-Début 2019,ITEM 52 - BOITERIE ENFANT,PDF,https://drive.google.com/file/d/1zfhL5DbCkQkYo7UQBMwZElsaI7DF4qmh/view?usp=drivesdk
Mises à jour 2018-Début 2019,ITEM 37- STERILITE DU COUPLE,PDF,https://drive.google.com/file/d/1rKFpy3XAGB-Ip-38xTR3fgMDYKuhLr2r/view?usp=drivesdk
Mises à jour 2018-Début 2019,ITEM 47 - PUBERTE,PDF,https://drive.google.com/file/d/1YQdAtocHFaJ0_9ge6rWzz3jlTzGeGBu0/view?usp=drivesdk
Mises à jour 2018-Début 2019,ITEM 42 - TUMEFACTION PELVIENNE,PDF,https://drive.google.com/file/d/1dSc2NZbJj-7bcVLTRTYlrwVNCpO6eQ4K/view?usp=drivesdk
Mises à jour 2018-Début 2019,ITEM 40 - AMENORRHEE,PDF,https://drive.google.com/file/d/1DSl57WmPVfK62DJMsNzF5-ckHub1vGbM/view?usp=drivesdk
Mises à jour 2018-Début 2019,ITEM 36 - IVG,PDF,https://drive.google.com/file/d/1zmewvgZD_rWNbuPLnSAY4JL6VxAR41qc/view?usp=drivesdk
Mises à jour 2018-Début 2019,ITEM 357-4 - TENDINOPATHIE-BURSOPATHIE,PDF,https://drive.google.com/file/d/10xIApARZsjs-lFfORaExRqRdfKA9PRDa/view?usp=drivesdk
Mises à jour 2018-Début 2019,ITEM 4- INFECTION NOSOCOMIALE,PDF,https://drive.google.com/file/d/1hF4RPpFC0u-00r3UVNY9WM6Qwh6dAX-j/view?usp=drivesdk
Mises à jour 2018-Début 2019,ITEM 39 - ALGIE PELVIENNE,PDF,https://drive.google.com/file/d/1O7Nsek5VJZIJe-N15gBmbraqLxug9zSD/view?usp=drivesdk
Mises à jour 2018-Début 2019,ITEM 38 - AMP,PDF,https://drive.google.com/file/d/1KntZGFqPzwjyWCHReptdyEw5UrtUVMLa/view?usp=drivesdk
Mises à jour 2018-Début 2019,ITEM 37- STERILITE,PDF,https://drive.google.com/file/d/1ticm7hDkbnlALyOd_mxDa-QPRCA7Wljl/view?usp=drivesdk
Mises à jour 2018-Début 2019,ITEM 354p - DETRESSE RESPIRATOIRE AIGUE,PDF,https://drive.google.com/file/d/1_Vy5qQpNT7jqCFdGc7MHuJ3xn-KaWS1k/view?usp=drivesdk
Mises à jour 2018-Début 2019,ITEM 354-2 - CORPS ETRANGER VADS,PDF,https://drive.google.com/file/d/1Cuqf9uYJYoXjz8IHiouYW-EuAtVyVMVD/view?usp=drivesdk
Mises à jour 2018-Début 2019,ITEM 362 - AES,PDF,https://drive.google.com/file/d/15-3BuK94XL37BSK3RbruNvefiSLdXAxw/view?usp=drivesdk
Mises à jour 2018-Début 2019,ITEM 351 - APPENDICITE,PDF,https://drive.google.com/file/d/13rEFfMnruMCPaP6EOE0bkR7MrtBmok_5/view?usp=drivesdk
Mises à jour 2018-Début 2019,ITEM 35- CONTRACEPTION,PDF,https://drive.google.com/file/d/1JVWDjTSXJCdnstBQHGtynHybfz7xsDNS/view?usp=drivesdk
Mises à jour 2018-Début 2019,ITEM 342 - RETENTION AIGUE D_URINE,PDF,https://drive.google.com/file/d/1rfh44xXyLcKrnARcejAMVMOId7_tHD8N/view?usp=drivesdk
Mises à jour 2018-Début 2019,ITEM 340 - MALAISE-MORT INATTENDUE NOURRISSON,PDF,https://drive.google.com/file/d/1HeMsqxFcAoGxNazlg2NbQwHfR2sLPKQU/view?usp=drivesdk
Mises à jour 2018-Début 2019,ITEM 35- CONTRACEPTION MASCULINE,PDF,https://drive.google.com/file/d/13hiwZRZLvI3VDDasnWv1mZ2GBVeEnGZ8/view?usp=drivesdk
Mises à jour 2018-Début 2019,ITEM 349p - SYNDROME OCCLUSIF,PDF,https://drive.google.com/file/d/1OHvpTufKCPOvxe0LbXDbL9dQIq_Excp9/view?usp=drivesdk
Mises à jour 2018-Début 2019,ITEM 341 - CONVULSION ENFANT,PDF,https://drive.google.com/file/d/1gBrk9GWwupf0Rz7l5inCq_Fg3SVXMWXF/view?usp=drivesdk
Mises à jour 2018-Début 2019,ITEM 34 - ANOMALIE CYCLE MENSTRUEL,PDF,https://drive.google.com/file/d/1kBXCYWL-gBR6tM8dnDLrkykMwKb2yYaS/view?usp=drivesdk
Mises à jour 2018-Début 2019,ITEM 343 - IRA,PDF,https://drive.google.com/file/d/1nclg-0AQzgZU94SdK4xoNVtoPmyGobAr/view?usp=drivesdk
Mises à jour 2018-Début 2019,ITEM 330-2 - TRAUMA-BRULURE OCULAIRE,PDF,https://drive.google.com/file/d/1tHzhy9gZyEgFP0uLKCMwHtp5KHDVFUi_/view?usp=drivesdk
Mises à jour 2018-Début 2019,ITEM 317 - MYELOME MULTIPLE,PDF,https://drive.google.com/file/d/1bhTHYLwZOXme47FQ_bMXz6sK1TQC_MLE/view?usp=drivesdk
Mises à jour 2018-Début 2019,ITEM 328p - REANIMATION PEDIATRIQUE,PDF,https://drive.google.com/file/d/1RlTocey6kLQDV9PkAqsVLvcBm8di1vlz/view?usp=drivesdk
Mises à jour 2018-Début 2019,ITEM 318-2 - IATROGENIE EN NEPHRO,PDF,https://drive.google.com/file/d/1qHIpRzH0AyXXIgODSft-YHEw6_E7L_QX/view?usp=drivesdk
Mises à jour 2018-Début 2019,ITEM 328p - CHOC SEPTIQUE,PDF,https://drive.google.com/file/d/1rtnTDvqJB5zs4oloAnQQ-ohGek4CNtau/view?usp=drivesdk
Mises à jour 2018-Début 2019,ITEM 316-1 - LYMPHOME,PDF,https://drive.google.com/file/d/1hVn4OK4-CsSJWZi1HDTh8whqWuPDDmaO/view?usp=drivesdk
Mises à jour 2018-Début 2019,ITEM 314 - SYNDROMES MYELOPROLIFERATIFS,PDF,https://drive.google.com/file/d/137FgARX4rxaCK_Hj44PdQBUBkJIkkIX1/view?usp=drivesdk
Mises à jour 2018-Début 2019,ITEM 325 - TRANSFUSION,PDF,https://drive.google.com/file/d/101XDflL5S2sjKiTwu9ikXnI65C6NEXa7/view?usp=drivesdk
Mises à jour 2018-Début 2019,ITEM 315 - LEUCEMIE LYMPHOIDE CHRONIQUE,PDF,https://drive.google.com/file/d/1RtQbyBY9ZPy1U-JxfEEVeQFvVNVf4K_T/view?usp=drivesdk
Mises à jour 2018-Début 2019,ITEM 313 - SYNDROME MYELODYSPLASIQUE,PDF,https://drive.google.com/file/d/1SGoQornnEM9YsoRE8FI0ZUhea2nw9oVX/view?usp=drivesdk
Mises à jour 2018-Début 2019,ITEM 304-2 - TUMEUR OSSEUSE,PDF,https://drive.google.com/file/d/1MvmGn-zw27QGIwSaWzTV7BZ3imXab5u3/view?usp=drivesdk
Mises à jour 2018-Début 2019,ITEM 312 - LEUCEMIE AIGUE,PDF,https://drive.google.com/file/d/1yxy0aclfvLGwob3mH31z-5s4cQAT4f51/view?usp=drivesdk
Mises à jour 2018-Début 2019,ITEM 298 - TUMEUR COLORECTALE,PDF,https://drive.google.com/file/d/17T4Epax31HY91Sr5VKeV2ZLJ-5vpIh7a/view?usp=drivesdk
Mises à jour 2018-Début 2019,ITEM 308 - TUMEUR RENALE,PDF,https://drive.google.com/file/d/1-wGURZWGJYwnS6Bz28tmNp_mgcrb43xS/view?usp=drivesdk
Mises à jour 2018-Début 2019,ITEM 311 - TUMEUR VESICALE,PDF,https://drive.google.com/file/d/1gUZdiA1MEV6ZQnpjBKKmG9Q4bdQ_koKh/view?usp=drivesdk
Mises à jour 2018-Début 2019,ITEM 307 - TUMEUR PROSTATE,PDF,https://drive.google.com/file/d/14bcEAcECRSxaIBawtkVIO_MHZWkm88qK/view?usp=drivesdk
Mises à jour 2018-Début 2019,ITEM 310 - TUMEUR TESTICULE,PDF,https://drive.google.com/file/d/1M1gpOdSYlBOT2kQY1VJVgtjdXTubUTq8/view?usp=drivesdk
Mises à jour 2018-Début 2019,ITEM 294 - CANCER ENFANT,PDF,https://drive.google.com/file/d/1kUGGUIed451EXJEf_jyV9uTytboANGN8/view?usp=drivesdk
Mises à jour 2018-Début 2019,ITEM 293 - AGRANULOCYTOSE,PDF,https://drive.google.com/file/d/1eYSL8x90XdfX6CS-37YzO5Hirc7V98eU/view?usp=drivesdk
Mises à jour 2018-Début 2019,ITEM 283p - DIARRHEE AIGUE,PDF,https://drive.google.com/file/d/1q7B_7j6-F1nUyHXaV1QaGFUUhv2JxUfm/view?usp=drivesdk
Mises à jour 2018-Début 2019,ITEM 291-2 - TTT HEMOPATHIE MALIGNE,PDF,https://drive.google.com/file/d/1f6yyEOtALjRKnf6F6LSDRP4ywm-zmiYZ/view?usp=drivesdk
Mises à jour 2018-Début 2019,ITEM 282p - DIARRHEE CHRONIQUE,PDF,https://drive.google.com/file/d/13fMAmLv0ixsDgSUMqfkn1Q58t9xJRvU5/view?usp=drivesdk
Mises à jour 2018-Début 2019,ITEM 280p - CONSTIPATION,PDF,https://drive.google.com/file/d/1miGOTNQw5mYSzMJI7UqBWtKn58JVph-9/view?usp=drivesdk
Mises à jour 2018-Début 2019,ITEM 286 - HERNIE PARIETALE,PDF,https://drive.google.com/file/d/1cp5q-JSnTqEOxSwwlkiS_RH7oWLTWUw9/view?usp=drivesdk
Mises à jour 2018-Début 2019,ITEM 275p - ICTERE NEONATAL,PDF,https://drive.google.com/file/d/12cpj9_cAvWhUvnuFC1BWFMGpyvWNQYQn/view?usp=drivesdk
Mises à jour 2018-Début 2019,ITEM 285 - PATHOLOGIE HEMORROIDAIRE,PDF,https://drive.google.com/file/d/1em3I3YTbc7uGldjpT8nCfHS6yJECh--r/view?usp=drivesdk
Mises à jour 2018-Début 2019,ITEM 272 - SPLENOMEGALIE,PDF,https://drive.google.com/file/d/1bHuvMzbjsmAi9PMG4Yr98K7p5x-uh1cb/view?usp=drivesdk
Mises à jour 2018-Début 2019,ITEM 271p - VOMISSEMENTS,PDF,https://drive.google.com/file/d/1xxUfsB4gETMZuAo-X7ue0_Bep4HvPSdJ/view?usp=drivesdk
Mises à jour 2018-Début 2019,ITEM 265-2 - ANOMALIE POTASSIUM,PDF,https://drive.google.com/file/d/1vsvtGuvl5WlI5uxEctosQro611SpJ7RB/view?usp=drivesdk
Mises à jour 2018-Début 2019,ITEM 270-2 - DYSPHAGIE ORO-PHARYNGÉE,PDF,https://drive.google.com/file/d/1OhqjZFeXXIUEohz2k2b2RAxELAMth89Z/view?usp=drivesdk
Mises à jour 2018-Début 2019,ITEM 263 - POLYKYSTOSE RENALE,PDF,https://drive.google.com/file/d/1J6mwWJALP5DhsYi4rC9lX-poh2-4dAcs/view?usp=drivesdk
Mises à jour 2018-Début 2019,ITEM 268p - RGO,PDF,https://drive.google.com/file/d/1xGp2mWEPLMmjXrDXLhxGAJZSx9izCb4F/view?usp=drivesdk
Mises à jour 2018-Début 2019,ITEM 265-1 - DESORDRE ACIDOBASIQUE,PDF,https://drive.google.com/file/d/1RIxhtqPH815a-dess3hfSauMiTkkj-A_/view?usp=drivesdk
Mises à jour 2018-Début 2019,ITEM 264 - DIURETIQUES,PDF,https://drive.google.com/file/d/1dY7J5OdzzfhjduJvUk5nZyZ3_-qNzxrw/view?usp=drivesdk
Mises à jour 2018-Début 2019,ITEM 267p - DOULEUR ABDOMINALE,PDF,https://drive.google.com/file/d/1S6QOvN0k86D6fON7U-QTJWXQHw0Jbug_/view?usp=drivesdk
Mises à jour 2018-Début 2019,ITEM 262 - LITHIASE URINAIRE,PDF,https://drive.google.com/file/d/1AM5GUBwYKpRmWrM8JY4vParT6KNmyN_y/view?usp=drivesdk
Mises à jour 2018-Début 2019,ITEM 262 - LITHIASE URINAIRE(1),PDF,https://drive.google.com/file/d/1akeQtu_prCROTNfzo_UcXE9uVYHiwWT3/view?usp=drivesdk
Mises à jour 2018-Début 2019,ITEM 258-2 - NEPHROPATHIE GLOMERULAIRE,PDF,https://drive.google.com/file/d/1DlKkOf0mBaWpXXKdMjaAr9fsqGouf59h/view?usp=drivesdk
Mises à jour 2018-Début 2019,ITEM 261 - IRC,PDF,https://drive.google.com/file/d/1ShblkJIl47C6yap0tF6CsCwPjzPrb8ca/view?usp=drivesdk
Mises à jour 2018-Début 2019,ITEM 258-1 - NEPHROPATHIE GLOMERULAIRE,PDF,https://drive.google.com/file/d/1qj1PIdZaMmMCdwetrDOTu6vXxKGAwvjZ/view?usp=drivesdk
Mises à jour 2018-Début 2019,ITEM 257-1 - HEMATURIE NEPHROLOGIQUE,PDF,https://drive.google.com/file/d/1uJRCms0CUioGp1NSxZF-mHZPTvprqPuk/view?usp=drivesdk
Mises à jour 2018-Début 2019,ITEM 260 - NEPHROPATHIE VASCULAIRE,PDF,https://drive.google.com/file/d/1hpa1Skw3wtNQH3DS9r9Tnohvgkb6jNRQ/view?usp=drivesdk
Mises à jour 2018-Début 2019,ITEM 257-2 - HEMATURIE UROLOGIQUE,PDF,https://drive.google.com/file/d/1Imbkz-t9spz5a1GkMOp9dI3Z303X0xs8/view?usp=drivesdk
Mises à jour 2018-Début 2019,ITEM 259 - NEPHROPATHIE INTERSTITIELLE,PDF,https://drive.google.com/file/d/1N2V2BPfceIdIekF0TZLvldhEZQmN6Ae1/view?usp=drivesdk
Mises à jour 2018-Début 2019,ITEM 256 - PROTÉINURIE ET SYNDROME NÉPHROTIQUE,PDF,https://drive.google.com/file/d/1PsKcPNxk20pVfh6VrIaqWcvt_SEY92h3/view?usp=drivesdk
Mises à jour 2018-Début 2019,ITEM 256p - PROTEINURIE-SD NEPHROTIQUE,PDF,https://drive.google.com/file/d/1VPj2h1wqu3ZCNm1qbF17bl71DC6OZVUI/view?usp=drivesdk
Mises à jour 2018-Début 2019,ITEM 251p - OBESITE,PDF,https://drive.google.com/file/d/1EQEgugnllZy8PubNZ_1CtnUTllO8dWMs/view?usp=drivesdk
Mises à jour 2018-Début 2019,ITEM 245p - DIABETE,PDF,https://drive.google.com/file/d/15e5j4ho4kbkUIBm6VS7_A_RjG3qZmsd6/view?usp=drivesdk
Mises à jour 2018-Début 2019,ITEM 255 - ELEVATION CREATININEMIE,PDF,https://drive.google.com/file/d/1tuhCL4ZvGvMrcUp3E1Q-sSAaTr7fIOw5/view?usp=drivesdk
Mises à jour 2018-Début 2019,ITEM 245-6 - NEPHROPATHIE DIABETIQUE,PDF,https://drive.google.com/file/d/1U101d6lC2AY1-aP37GJHPxDZJKypw_ji/view?usp=drivesdk
Mises à jour 2018-Début 2019,ITEM 254 - SYNDROMES OEDEMATEUX,PDF,https://drive.google.com/file/d/1nDay25HZrspSE-l2NxbXleiNJddwb2lM/view?usp=drivesdk
Mises à jour 2018-Début 2019,ITEM 240-2 - ORBITOPATHIE DYSTHYROÏDIENNE,PDF,https://drive.google.com/file/d/1fHvF2FH4zZ9K698mvTctvlBsIgMmjR7Q/view?usp=drivesdk
Mises à jour 2018-Début 2019,ITEM 245-7 - RETINOPATHIE DIABETIQUE,PDF,https://drive.google.com/file/d/1cR2Yd4P6_cRnL0aGg3PlAydymzEhGuUZ/view?usp=drivesdk
Mises à jour 2018-Début 2019,ITEM 229 - ECG,PDF,https://drive.google.com/file/d/1nF7QRvJZFE7NdGRU2cVoKY6F9esB7EUl/view?usp=drivesdk
Mises à jour 2018-Début 2019,ITEM 221-2 - RETINOPATHIE HYPERTENSIVE,PDF,https://drive.google.com/file/d/1Saip1lhEm-LAx_DVwgKqxO4vDzjKkBW_/view?usp=drivesdk
Mises à jour 2018-Début 2019,ITEM 228 - DOULEUR THORACIQUE - DISSECTION,PDF,https://drive.google.com/file/d/1q4YTcy_9Pc2fL4piS2AF18FIV1CbxvUR/view?usp=drivesdk
Mises à jour 2018-Début 2019,ITEM 223-1 - ANEVRISME - ARTERIOPATHIE VISCERALE,PDF,https://drive.google.com/file/d/1n_v6-vxi0hynj-boRG5QXam51VpEk25B/view?usp=drivesdk
Mises à jour 2018-Début 2019,ITEM 225 - INSUFFISANCE VEINEUSE CHRONIQUE,PDF,https://drive.google.com/file/d/1tJ3vqK55Hb6m3UgKJIANQDI6NtGT2FYC/view?usp=drivesdk
Mises à jour 2018-Début 2019,ITEM 219 - FDRCV,PDF,https://drive.google.com/file/d/1zvXJoL0dU78iwMa_H5mOx3apMFWMdKJL/view?usp=drivesdk
Mises à jour 2018-Début 2019,ITEM 213 - SYNDROME MONONUCLEOSIQUE,PDF,https://drive.google.com/file/d/1kTk74kRBFAA3Y51UwfvrnmIXWJ3xNvS8/view?usp=drivesdk
Mises à jour 2018-Début 2019,ITEM 223-2 - AOMI - ISCHEMIE AIGUE MI,PDF,https://drive.google.com/file/d/1bu06NVj_k9TRoU2sfeXR9dCCz_n-c8Cc/view?usp=drivesdk
Mises à jour 2018-Début 2019,ITEM 212-2 - SYNDROME HEMORRAGIQUE,PDF,https://drive.google.com/file/d/1NOCJMyojebrMK7_DXpk8BXjcfnDV60fk/view?usp=drivesdk
Mises à jour 2018-Début 2019,ITEM 211 - PURPURA,PDF,https://drive.google.com/file/d/1J1hLCeywff3WGRKBt-evCkDy4N5aVDqa/view?usp=drivesdk
Mises à jour 2018-Début 2019,ITEM 208 - HEMOGRAMME,PDF,https://drive.google.com/file/d/1mkg-HIoTyfi07VbLdbnbPo9refInug76/view?usp=drivesdk
Mises à jour 2018-Début 2019,ITEM 211p - PURPURA,PDF,https://drive.google.com/file/d/1tQAe_R78aoyOjGShpB-mnVdERnYLy4sa/view?usp=drivesdk
Mises à jour 2018-Début 2019,ITEM 207 - SARCOIDOSE,PDF,https://drive.google.com/file/d/1ls82H1-y87VMDa7NfK3Q42uCnBkhjvML/view?usp=drivesdk
Mises à jour 2018-Début 2019,ITEM 209p - ANEMIE,PDF,https://drive.google.com/file/d/1PBIj4yCC-g_TZZNei_5hE_ePJnUFuBI6/view?usp=drivesdk
Mises à jour 2018-Début 2019,ITEM 210p - THROMBOPENIE,PDF,https://drive.google.com/file/d/1zwgYpg3J7foUEq8FBnh032MsB6CrDDAK/view?usp=drivesdk
Mises à jour 2018-Début 2019,ITEM 205p - MUCOVISCIDOSE - BPCO,PDF,https://drive.google.com/file/d/1JlPOJ1G9zh1BB9ihb95Rju28IpLBqTcu/view?usp=drivesdk
Mises à jour 2018-Début 2019,ITEM 210 - THROMBOPENIE,PDF,https://drive.google.com/file/d/1g_60OesJDY-RFwoH6aHM6iOi8c1KB1T2/view?usp=drivesdk
Mises à jour 2018-Début 2019,ITEM 200p - TOUX,PDF,https://drive.google.com/file/d/1w1ErReW7dfnEWqBBFPSt53Uc4Xbna16b/view?usp=drivesdk
Mises à jour 2018-Début 2019,ITEM 198-2 - GREFFE CELLULES SOUCHES,PDF,https://drive.google.com/file/d/1-9v7UvUiCQWx-Zq0aiWMbgEt7NxM8eqX/view?usp=drivesdk
Mises à jour 2018-Début 2019,ITEM 195 - ALGODYSTROPHIE,PDF,https://drive.google.com/file/d/1u5MxEYKOnJblAXOmkJnu_WXTCM9NJgRn/view?usp=drivesdk
Mises à jour 2018-Début 2019,ITEM 197-4 - PRELEVEMENT ET GREFFE DE CORNEE,PDF,https://drive.google.com/file/d/11-sz0lubj6AsyaxqZ_0AhSSzQ6fNes9A/view?usp=drivesdk
Mises à jour 2018-Début 2019,ITEM 194 - ARTHROPATHIE MICROCRISTALLINE,PDF,https://drive.google.com/file/d/1DHxkCPTGMhHp1RVaXz-OAoY-4BIwlC2H/view?usp=drivesdk
Mises à jour 2018-Début 2019,ITEM 193 - SPONDYLARTHROPATHIE,PDF,https://drive.google.com/file/d/1P9DQ1Un-olqLL0i79-Tze4toi9Yad38p/view?usp=drivesdk
Mises à jour 2018-Début 2019,ITEM 197-3 - TRANSPLANTATION RENALE,PDF,https://drive.google.com/file/d/1aTLeKxNZ6akClb3Q83YDRQRKexSy5e_F/view?usp=drivesdk
Mises à jour 2018-Début 2019,ITEM 192 - POLYARTHRITE RHUMATOIDE,PDF,https://drive.google.com/file/d/1NmYoeXvHO4oEdxTV-D3PHq2mv_vECGl5/view?usp=drivesdk
Mises à jour 2018-Début 2019,ITEM 196 - ARTHRALGIE-ARTHRITE,PDF,https://drive.google.com/file/d/1BYP39zyv4j82Ti4U21B55ZOxt1D3lge1/view?usp=drivesdk
Mises à jour 2018-Début 2019,ITEM 191 - ARTERITE A CELLULES GEANTES,PDF,https://drive.google.com/file/d/1OESNWOit9kZyXZYZBMYMSE_W0rwlP63C/view?usp=drivesdk
Mises à jour 2018-Début 2019,ITEM 190 - LUPUS,PDF,https://drive.google.com/file/d/13aXA-5yyKaPi6RP9sufFOyXI2Rulmn5F/view?usp=drivesdk
Mises à jour 2018-Début 2019,ITEM 186 - FIEVRE PROLONGEE,PDF,https://drive.google.com/file/d/1_NaHj_G8DMmpOdDLcWlLySub7GsIphaD/view?usp=drivesdk
Mises à jour 2018-Début 2019,ITEM 189 - VASCULARITE,PDF,https://drive.google.com/file/d/1itBbYS2gzIanwcVapkDQk5FM4HAUPePv/view?usp=drivesdk
Mises à jour 2018-Début 2019,ITEM 185 - DEFICIT IMMUNITAIRE,PDF,https://drive.google.com/file/d/1Ez5-VicgdS0AKgJT_MoF0etZTjSr3-l_/view?usp=drivesdk
Mises à jour 2018-Début 2019,ITEM 188 - PATHOLOGIE AUTOIMMUNE,PDF,https://drive.google.com/file/d/1OGDjwfVI5l066Eg4Bguk_HxzziGKjw9R/view?usp=drivesdk
Mises à jour 2018-Début 2019,ITEM 185 - DEFICIT IMMUNITAIRE,PDF,https://drive.google.com/file/d/1ZhC5JJ8DA2cIxuxxHSuE9CMUkgm2VuVc/view?usp=drivesdk
Mises à jour 2018-Début 2019,ITEM 184p - ASTHME,PDF,https://drive.google.com/file/d/1S4ykwGmhhQ2dg9ltfUQu8iUcdgOK1Y4g/view?usp=drivesdk
Mises à jour 2018-Début 2019,ITEM 187 - FIEVRE IMMUNODEPRIME,PDF,https://drive.google.com/file/d/1s3Nx4EiIdb-KKiZMKg9_VM_IRshovnT5/view?usp=drivesdk
Mises à jour 2018-Début 2019,ITEM 182p - HYPERSENSIBILITE ALLERGIE,PDF,https://drive.google.com/file/d/1wtO1akcFPtPNIZycEB6zExqvjc7aq9IO/view?usp=drivesdk
Mises à jour 2018-Début 2019,ITEM 181 - REACTION INFLAMMATOIRE,PDF,https://drive.google.com/file/d/1JibIg8vd6kTE7TboldAd6bFcpnpVt2CN/view?usp=drivesdk
Mises à jour 2018-Début 2019,ITEM 166 - PALUDISME,PDF,https://drive.google.com/file/d/1KK4OL--970q-VFDnWv956vjulfNqAMYW/view?usp=drivesdk
Mises à jour 2018-Début 2019,ITEM 180-2 - MALADIE RESPIRATOIRE PROFESSIONNELLE,PDF,https://drive.google.com/file/d/1-irAFoZ6D1OtOK2tLUWOdY7ODSPH5xPI/view?usp=drivesdk
Mises à jour 2018-Début 2019,ITEM 172 - DIARRHEE INFECTIEUSE,PDF,https://drive.google.com/file/d/1dwF8K_VwOkgVFCPlMctzEJrofY00U4VY/view?usp=drivesdk
Mises à jour 2018-Début 2019,ITEM 174 - RISQUES EMERGENTS,PDF,https://drive.google.com/file/d/113P4du5a11PJJuB4gZpp2nmWR7r3oLH7/view?usp=drivesdk
Mises à jour 2018-Début 2019,ITEM 170 - MIGRANT,PDF,https://drive.google.com/file/d/1HUcR8Slft5n5Hu198avN0Cu_TMl8bWcW/view?usp=drivesdk
Mises à jour 2018-Début 2019,ITEM 171 - VOYAGE PAYS TROPICAL,PDF,https://drive.google.com/file/d/19zDQugFxiQ9GxzexNXmhK3Ub1UcOR97_/view?usp=drivesdk
Mises à jour 2018-Début 2019,ITEM 173 - ANTI-INFECTIEUX,PDF,https://drive.google.com/file/d/1BW-CHvJy2Zvha-alXd35qWbKs2L3HfB8/view?usp=drivesdk
Mises à jour 2018-Début 2019,ITEM 169 - ZOONOSE,PDF,https://drive.google.com/file/d/106m-g7C7BghfoBeJvpCk_kvpN7bCyd7Y/view?usp=drivesdk
Mises à jour 2018-Début 2019,ITEM 165-1 - VIH,PDF,https://drive.google.com/file/d/1VphBb7vsHGy-RHOWRPuHzYgxkS9osFdt/view?usp=drivesdk
Mises à jour 2018-Début 2019,ITEM 159 - COQUELUCHE,PDF,https://drive.google.com/file/d/1xUO12NKcM4fqkkKV97Si_mfVPj-BOvZO/view?usp=drivesdk
Mises à jour 2018-Début 2019,ITEM 161 - OREILLONS,PDF,https://drive.google.com/file/d/1eekq_FmCY-TKHkjKiW3UYLxF6oV8Hjbj/view?usp=drivesdk
Mises à jour 2018-Début 2019,ITEM 164 - HERPES VIRUS,PDF,https://drive.google.com/file/d/1nVHlqntcLr07-sBtsmUDVEmV9_sXT4F1/view?usp=drivesdk
Mises à jour 2018-Début 2019,ITEM 158-3 - INFECTION GENITALE MASCULINE,PDF,https://drive.google.com/file/d/1juu6bms2VNuyDLs8foIqAvao3cMNZB8u/view?usp=drivesdk
Mises à jour 2018-Début 2019,ITEM 157-2 - INFECTION URINAIRE (PILLY),PDF,https://drive.google.com/file/d/11IlHqW-sFNB13B68oHb3e8jHN0r2i-N6/view?usp=drivesdk
Mises à jour 2018-Début 2019,ITEM 162 - GRIPPE,PDF,https://drive.google.com/file/d/1nIDuudH4WSgZMxVH9U4ka-LzqQobd7t_/view?usp=drivesdk
Mises à jour 2018-Début 2019,ITEM 158-1 - IST,PDF,https://drive.google.com/file/d/18dvSx_rIq7H4vzrEYZlVUbRE114pdYue/view?usp=drivesdk
Mises à jour 2018-Début 2019,ITEM 157-1 - INFECTION URINAIRE (CFU),PDF,https://drive.google.com/file/d/10ivd4sT82I8dlcLX-thW_tPCCIwKjGzE/view?usp=drivesdk
Mises à jour 2018-Début 2019,ITEM 151-1 - INFECTION BRONCHOPULMONAIRE (CEP),PDF,https://drive.google.com/file/d/1p0Hb9owtEd5eNlccdytOzk5qUsWVV8ac/view?usp=drivesdk
Mises à jour 2018-Début 2019,ITEM 156 - TETANOS,PDF,https://drive.google.com/file/d/10cfT3x6HA6Ewq5fAaeqHBBY8B-E7oKcV/view?usp=drivesdk
Mises à jour 2018-Début 2019,ITEM 150 - SURVEILLANCE VALVE-PROTHESE,PDF,https://drive.google.com/file/d/1Mk3sFa1xoXt2QzHVno9--zFaRO2imjjO/view?usp=drivesdk
Mises à jour 2018-Début 2019,ITEM 153-1 - INFECTION OSTEOARTICULAIRE (COFER),PDF,https://drive.google.com/file/d/1W9XaUm4V3AYBRzEeo8y3asmyW6EDkSaz/view?usp=drivesdk
Mises à jour 2018-Début 2019,ITEM 155-2 - TUBERCULOSE (PILLY),PDF,https://drive.google.com/file/d/1M33To0rl2sqgOyAA17SEZQf4RMSfh4Bm/view?usp=drivesdk
Mises à jour 2018-Début 2019,ITEM 151-2 - INFECTION BRONCHOPULMONAIRE (PILLY),PDF,https://drive.google.com/file/d/1NKPIPCeOP-kCgd4PWu4Exi1ia6Z59O7J/view?usp=drivesdk
Mises à jour 2018-Début 2019,ITEM 154 - SEPTICEMIE,PDF,https://drive.google.com/file/d/1M7A5IBFzt4WAs5OFx1_9eFlbz7ExeBhs/view?usp=drivesdk
Mises à jour 2018-Début 2019,ITEM 149 - ENDOCARDITE,PDF,https://drive.google.com/file/d/1iTBfvt6mzv3SreAZ_8Yo-9RfEAIZ-Lo1/view?usp=drivesdk
Mises à jour 2018-Début 2019,ITEM 148 - MENINGITE,PDF,https://drive.google.com/file/d/18CJCjG8HVJ8ix_hrY6YSgAyccu5cs2gr/view?usp=drivesdk
Mises à jour 2018-Début 2019,ITEM 127-2 - DMLA,PDF,https://drive.google.com/file/d/174Eh7T3UELl_lgWRDARXvIDOrL0_j5lc/view?usp=drivesdk
Mises à jour 2018-Début 2019,ITEM 123 - HYPERTROPHIE BENIGNE DE PROSTATE,PDF,https://drive.google.com/file/d/12Ic97GK-I3gST0sT4i1YM_JaF7u3Q_pw/view?usp=drivesdk
Mises à jour 2018-Début 2019,ITEM 146 - ANGINE - RHINOPHARYNGITE,PDF,https://drive.google.com/file/d/1dOEoLiP59faTtroQr_ND2XSYkc2dqiJ8/view?usp=drivesdk
Mises à jour 2018-Début 2019,ITEM 127-1 - CATARACTE,PDF,https://drive.google.com/file/d/1lh9hZWMo9c9rJg89xcnzOn2YU3CzIMYo/view?usp=drivesdk
Mises à jour 2018-Début 2019,ITEM 143 - VACCIN,PDF,https://drive.google.com/file/d/1WQIQHmPVknhEPSHGKHFQSL_SQXgJE6I3/view?usp=drivesdk
Mises à jour 2018-Début 2019,ITEM 124 - OSTEOPATHIE FRAGILISANTE,PDF,https://drive.google.com/file/d/1qCNlRbXdkd9WB9CYUAQqjHoASacyff5-/view?usp=drivesdk
Mises à jour 2018-Début 2019,ITEM 127-3 - PRESBYACOUSIE,PDF,https://drive.google.com/file/d/1di-PCcenwrOEH8EWyEOQ3UxfLZXn5Fxc/view?usp=drivesdk
Mises à jour 2018-Début 2019,ITEM 125 - ARTHROSE,PDF,https://drive.google.com/file/d/1oVpLx-10Vjqq_PqYbf-Eg493meyl5Bdu/view?usp=drivesdk
Mises à jour 2018-Début 2019,ITEM 122 - TROUBLES DE L_ERECTION,PDF,https://drive.google.com/file/d/1a2xezkktf1oKiIyGZjI28UYHWaKe4cb2/view?usp=drivesdk
Mises à jour 2018-Début 2019,ITEM 120-1 - MENOPAUSE,PDF,https://drive.google.com/file/d/1DPrqjXh1u5Hiia1V0vNSFqWoWUD8-oqo/view?usp=drivesdk
Mises à jour 2018-Début 2019,ITEM 119-2 - REIN SUJET AGE,PDF,https://drive.google.com/file/d/1hRfgGOgAHbHDYuPiA7wEONb93mPkpU4T/view?usp=drivesdk
Mises à jour 2018-Début 2019,ITEM 121 - TROUBLES MICTIONNELS,PDF,https://drive.google.com/file/d/17AsatBGmqGNZ8SJTNu6cdxhHlRcV7pjf/view?usp=drivesdk
Mises à jour 2018-Début 2019,ITEM 114-2 – RHUMATISME PSORIASIQUE,PDF,https://drive.google.com/file/d/1owf3csiBHFDc3K35X0Bswb5TOLGtMEeF/view?usp=drivesdk
Mises à jour 2018-Début 2019,ITEM 108-2 - SYNDROME D_APNEE DU SOMMEIL,PDF,https://drive.google.com/file/d/1JxV7KFiqTP2Sg64WcYPT2zMaTdxHHpfB/view?usp=drivesdk
Mises à jour 2018-Début 2019,ITEM 120-2 - ANDROPAUSE,PDF,https://drive.google.com/file/d/1-WBPe4hFUgkCdxnymp3f7YkKp34oarTE/view?usp=drivesdk
Mises à jour 2018-Début 2019,ITEM 115-2 - HANDICAP AUDITIF,PDF,https://drive.google.com/file/d/1dqhv8sBdMNPgIPmubSN13v0BacgBWaod/view?usp=drivesdk
Mises à jour 2018-Début 2019,ITEM 100 - DIPLOPIE,PDF,https://drive.google.com/file/d/1x_vehtrBhL8ydIRVROeV_CE2DXstILBM/view?usp=drivesdk
Mises à jour 2018-Début 2019,ITEM 265-3 - ANOMALIE HYDROSODEE,PDF,https://drive.google.com/file/d/1jSKYigkqvuQ9e_X3190nl_sPoGZ_ntzp/view?usp=drivesdk
Mises à jour 2018-Début 2019,ITEM 236 - SOUFFLE CHEZ L_ENFANT,PDF,https://drive.google.com/file/d/1U48EgoDns_uvDv2nuA6dka-PqeZmiggj/view?usp=drivesdk
Mises à jour 2018-Début 2019,ITEM 209 - ANEMIE,PDF,https://drive.google.com/file/d/1fs3BIQamJsn2-Bp9dn0IjTJBQSRm_B-P/view?usp=drivesdk
Mises à jour 2018-Début 2019,ITEM 198-1 - BIOTHERAPIE,PDF,https://drive.google.com/file/d/16BlDvZc4N_YPSIRd6QYqVXNmUgzibP4b/view?usp=drivesdk
Mises à jour 2018-Début 2019,ITEM 197-1 - TRANSPLANTATION,PDF,https://drive.google.com/file/d/11G4unsEydgn312M7d6vtj3T83rfZTt9i/view?usp=drivesdk
Mises à jour 2018-Début 2019,ITEM 182 - ALLERGIE,PDF,https://drive.google.com/file/d/180zNKvK-K1Af_OTO-3SdxwlDFCMf3nQE/view?usp=drivesdk
Mises à jour 2018-Début 2019,ITEM 168 - PARASITOSE DIGESTIVE,PDF,https://drive.google.com/file/d/1eIkJeP3nSDtyCOYLiI06_U79RMp7DRNI/view?usp=drivesdk
Mises à jour 2018-Début 2019,ITEM 155-1 - TUBERCULOSE (CEP),PDF,https://drive.google.com/file/d/1WK33Yhr8nY07iB2T19aLZPLgFEbcjAOH/view?usp=drivesdk
Mises à jour 2018-Début 2019,ITEM 153-2 - INFECTION OSTEOARTICULAIRE (PILLY),PDF,https://drive.google.com/file/d/1JTZFNHJfXwEmOSwU9vmtclRdoDb_jllM/view?usp=drivesdk
Mises à jour 2018-Début 2019,ITEM 144 - FIEVRE AIGUE,PDF,https://drive.google.com/file/d/1qKSXzdBUdBYvv1BoP5FbxYZqun4uDaHP/view?usp=drivesdk
Endocrinologie,ITEM 245-5 - DIABETE-COMPLICATION CHRONIQUE,PDF,https://drive.google.com/file/d/1P9Qp9pFhy40nJ-e6rANsE2SGGLFs-mTJ/view?usp=drivesdk
Endocrinologie,ITEM 245-3 - DIABETE TYPE 2,PDF,https://drive.google.com/file/d/1MKSY-BJLLYwP09sHq9sptugmDW9u18-W/view?usp=drivesdk
Endocrinologie,ITEM 266 - HYPERCALCEMIE,PDF,https://drive.google.com/file/d/1MmV6G24ooOwwuYOcqlvnx9iS2yBiyUOy/view?usp=drivesdk
Endocrinologie,ITEM 266 - HYPOCALCEMIE,PDF,https://drive.google.com/file/d/1wVEzXfk-Ha_lVzUJrI79gwuZUdVy0Top/view?usp=drivesdk
Endocrinologie,ITEM 245-2 - DIABETE TYPE 1,PDF,https://drive.google.com/file/d/1e-ii_a1UrTM-kNFBbvtb4f5i3bPKcWGq/view?usp=drivesdk
Endocrinologie,ITEM 245 - DIABETE-COMPLICATION AIGUE_V2,PDF,https://drive.google.com/file/d/1CFEzht4iZde_22Jw0lGf0ItyJrx3H5b1/view?usp=drivesdk
Endocrinologie,ITEM 241 - HYPOTHYROIDIE,PDF,https://drive.google.com/file/d/1iGuuq_9KwSKNJCTOWaV2Q3MZXBB4d2GK/view?usp=drivesdk
Endocrinologie,ITEM 245-1 - DIABETE,PDF,https://drive.google.com/file/d/1N4nR1IDuPhoVdB64j0V_QDOTLCPt38A-/view?usp=drivesdk
Endocrinologie,ITEM 243 - INSUFFISANCE SURRENALE,PDF,https://drive.google.com/file/d/1Kx_MGurUoFspHktweEewIjMyCFjcSALw/view?usp=drivesdk
Endocrinologie,ITEM 240 - HYPERTHYROIDIE_V2,PDF,https://drive.google.com/file/d/1zvkrFywxGLIQJ9d_y9uR3cBQc5dGGVem/view?usp=drivesdk
Endocrinologie,ITEM 244 - GYNECOMASTIE_V2,PDF,https://drive.google.com/file/d/1m5aANhYuVfpSM1glWZJdxlwLQz099nKW/view?usp=drivesdk
Endocrinologie,ITEM 221 - HTA ENDOCRINIENNE,PDF,https://drive.google.com/file/d/1hzjLBmft-SU2plUP9tOzXREYBYU_NAVW/view?usp=drivesdk
Endocrinologie,ITEM 242 - ADENOME HYPOPHYSAIRE,PDF,https://drive.google.com/file/d/1ufplSBKmwzmBJzd8JfxZoTXKqFiZJ9cq/view?usp=drivesdk
Endocrinologie,ITEM 220 - DYSLIPIDEMIE,PDF,https://drive.google.com/file/d/1aWvvTrjg_hFvCryMjsahIowDhW2EyFFQ/view?usp=drivesdk
Endocrinologie,ITEM 239 - NODULE-GOITRE THYROIDIEN,PDF,https://drive.google.com/file/d/1iPVOoemmpC43gYAy5xVDlv4FFk8X8eDE/view?usp=drivesdk
Endocrinologie,ITEM 242 - SYNDROME HYPERSECRETION,PDF,https://drive.google.com/file/d/1Jcel_T0JfAnzX18cdKUswhqOwhmIzitW/view?usp=drivesdk
Endocrinologie,ITEM 239 - CANCER THYROIDIEN,PDF,https://drive.google.com/file/d/15nbNO9zymESLyJXVATGfa3CJVY8urJou/view?usp=drivesdk
Endocrinologie,ITEM 238 - HYPOGLYCEMIE,PDF,https://drive.google.com/file/d/1viwQj3Fp2UkHvLg0gRDjQvRmZC08pV4b/view?usp=drivesdk
Maladie infectieuse,ITEM 171 - VOYAGE PAYS TROPICAL,PDF,https://drive.google.com/file/d/1flBLi8eThNRhcsztSxCTHoVXYkq67pkq/view?usp=drivesdk
Maladie infectieuse,ITEM 362 - AES,PDF,https://drive.google.com/file/d/1UDAprfZD4J5lWDkoTOVCxCS0oFGNk7kK/view?usp=drivesdk
Maladie infectieuse,ITEM 172 - DIARRHEE INFECTIEUSE,PDF,https://drive.google.com/file/d/1fwMXlCYaX9z4VQvGKn5R0UeCdGiHbjp9/view?usp=drivesdk
Maladie infectieuse,ITEM 173 - ANTI-INFECTIEUX,PDF,https://drive.google.com/file/d/1YAUH1crTNolfyScX_LLwbiGIxpRNZx_a/view?usp=drivesdk
Maladie infectieuse,ITEM 4 - INFECTION NOSOCOMIALE,PDF,https://drive.google.com/file/d/13OzWPB0-7A0plwNGV5f97BReq4mJp8a5/view?usp=drivesdk
Maladie infectieuse,ITEM 187 - FIEVRE IMMUNODEPRIME,PDF,https://drive.google.com/file/d/1vjugcEC0VoKGgsHPsWfk_gTdX4mTy9aS/view?usp=drivesdk
Maladie infectieuse,ITEM 170 - MIGRANT,PDF,https://drive.google.com/file/d/1J19AIptXmyOylSBvjMuw1v0p7r77HqMx/view?usp=drivesdk
Maladie infectieuse,ITEM 174 - RISQUES EMERGENTS,PDF,https://drive.google.com/file/d/1vg9xUqInMC46giIqLeZA8e074vMwob-x/view?usp=drivesdk
Maladie infectieuse,ITEM 169 - ZOONOSE,PDF,https://drive.google.com/file/d/1qcYnXGUejBnYVmOhQ57YkWOyO6ALMGma/view?usp=drivesdk
Maladie infectieuse,ITEM 165 - VIH,PDF,https://drive.google.com/file/d/1v-WNr7emdWqC5tgRhnhSA3ku7Qp8C_r4/view?usp=drivesdk
Maladie infectieuse,ITEM 166 - PALUDISME,PDF,https://drive.google.com/file/d/1evZsxRugLwAB5xJHDyIt1OfX9YGKahRA/view?usp=drivesdk
Maladie infectieuse,ITEM 168 - PARASITOSE DIGESTIVE,PDF,https://drive.google.com/file/d/1DsGj4SwtZ9gqr36rtuLysHPhXwrdFBgU/view?usp=drivesdk
Maladie infectieuse,ITEM 159 - COQUELUCHE_infectieux,PDF,https://drive.google.com/file/d/1wt5LV0o8bC5sFxkzu6MW3s7yb0ItGFnT/view?usp=drivesdk
Maladie infectieuse,ITEM 161 - OREILLONS,PDF,https://drive.google.com/file/d/1BI78fjL0qjnvfKIjcsj_gkPMoEZRLI2k/view?usp=drivesdk
Maladie infectieuse,ITEM 164 - HERPES VIRUS,PDF,https://drive.google.com/file/d/1xyyC3R7mbNpxois9F33MCwuBFBLq9e_d/view?usp=drivesdk
Maladie infectieuse,ITEM 162 - GRIPPE,PDF,https://drive.google.com/file/d/1mCgrBUFLUCHqINn9zNp92Kc8LEIW4hb9/view?usp=drivesdk
Maladie infectieuse,ITEM 163 - HEPATITE,PDF,https://drive.google.com/file/d/16UE1x1a-TVqlxjP2xmFju0Rq48xey2-J/view?usp=drivesdk
Maladie infectieuse,ITEM 157 - INFECTION URINAIRE_0,PDF,https://drive.google.com/file/d/1NSznT9AmOIdopOuGaeuc1c3d0bFg5YlO/view?usp=drivesdk
Maladie infectieuse,ITEM 158 - IST,PDF,https://drive.google.com/file/d/1tcaAogEGjGPaP4GnBXcNsyFou4WcS1E1/view?usp=drivesdk
Maladie infectieuse,ITEM 155 - TUBERCULOSE,PDF,https://drive.google.com/file/d/1cBVLEbMAlhervr4sWDpfKf_kq4JD5kf1/view?usp=drivesdk
Maladie infectieuse,ITEM 156 - TETANOS,PDF,https://drive.google.com/file/d/1wyVlhJ1_48vLe1VWVcLO3bjrBfantfZe/view?usp=drivesdk
Maladie infectieuse,ITEM 144 - FIEVRE AIGUE,PDF,https://drive.google.com/file/d/1kKU0POrDeMTGSQjpP6RQq9GPhSgYB1k1/view?usp=drivesdk
Maladie infectieuse,ITEM 153 - INFECTION OSTEOARTICULAIRE_0,PDF,https://drive.google.com/file/d/1hHi4-xAx0vOOtOmOxyd947U6RFgOrmgc/view?usp=drivesdk
Maladie infectieuse,ITEM 148 - MENINGITE,PDF,https://drive.google.com/file/d/1n_pRbu5Qp_oLtQ7T15GthALsGt8GgLMT/view?usp=drivesdk
Maladie infectieuse,ITEM 151 - INFECTION BRONCHOPULMONAIRE,PDF,https://drive.google.com/file/d/1-7kALlE_9UXfx1P6q32hjcDLE-axyVV7/view?usp=drivesdk
Maladie infectieuse,ITEM 149 - ENDOCARDITE,PDF,https://drive.google.com/file/d/1S_nMs7qDtPNq1Lfk1ALcYs2yowONMMFz/view?usp=drivesdk
Maladie infectieuse,ITEM 143 - VACCIN,PDF,https://drive.google.com/file/d/1vUeR_pNJwMkruSpLP6l9s6sgzAVA1SED/view?usp=drivesdk
Gériatrie,ITEM 106 - CONFUSION SUJET AGE,PDF,https://drive.google.com/file/d/1CL6x61d9K0aO4QbAGA3z215juH_mg2LB/view?usp=drivesdk
Gériatrie,ITEM 68 - TROUBLES PSYCHIQUES SUJET AGE,PDF,https://drive.google.com/file/d/1r-KBifzkmhM782fznlaijg8YB9xFt9Te/view?usp=drivesdk
Gériatrie,ITEM 250 - NUTRITION SUJET AGE,PDF,https://drive.google.com/file/d/1NG_Vj8Zd58jt0atQfPnXnMcwruScISaF/view?usp=drivesdk
Gériatrie,ITEM 130 - AUTONOMIE-DEPENDANCE,PDF,https://drive.google.com/file/d/1l55Ogn0pGBNuOyr5xW894473_PUTStdR/view?usp=drivesdk
Gériatrie,ITEM 119 - VIEILLISSEMENT NORMAL,PDF,https://drive.google.com/file/d/1ABc6Yz4A3KgxoSMpsPJygbA1nssDooio/view?usp=drivesdk
Gériatrie,ITEM 128 - CHUTE SUJET AGE,PDF,https://drive.google.com/file/d/10mEmClDtL4f4PgfR19Ukw2VVJebg0VSt/view?usp=drivesdk
Gériatrie,ITEM 126 - PERSONNE AGEE MALADE,PDF,https://drive.google.com/file/d/1hVq5PLZ73sOokGMnnNszA4Wd68RojKJc/view?usp=drivesdk
Hépato - Gastrologie,ITEM 353 - PANCREATITE AIGUE,PDF,https://drive.google.com/file/d/1asNxEt8tX5YfjAOcmDyY2ASR6XJFbcC7/view?usp=drivesdk
Hépato - Gastrologie,ITEM 352 - PERITONITE AIGUE,PDF,https://drive.google.com/file/d/1Z-Bl0ni3KD3e5zzUuCZdCBw3bKZ1v6_D/view?usp=drivesdk
Hépato - Gastrologie,ITEM 305 - TUMEUR PANCREAS,PDF,https://drive.google.com/file/d/12TxZhroQumZzwxgV4574EqyOST897e3m/view?usp=drivesdk
Hépato - Gastrologie,ITEM 351 - APPENDICITE,PDF,https://drive.google.com/file/d/1rsutJizdoIGz7d4SOiV4d9WVGiJRHqrG/view?usp=drivesdk
Hépato - Gastrologie,ITEM 349 - SYNDROME OCCLUSIF,PDF,https://drive.google.com/file/d/1gEfmfKzN-2D-hpzjCEkPCoFV6Ls17Qo1/view?usp=drivesdk
Hépato - Gastrologie,ITEM 350 - HEMORRAGIE DIGESTIVE,PDF,https://drive.google.com/file/d/15iDGCxRsv3j4nyFH2W4EG2btlppSBr8A/view?usp=drivesdk
Hépato - Gastrologie,ITEM 301 - TUMEUR DU FOIE,PDF,https://drive.google.com/file/d/1PRmvunbg4gkkVmxdoFD-r8GjJxMRivZZ/view?usp=drivesdk
Hépato - Gastrologie,ITEM 302 - TUMEUR OESOPHAGE,PDF,https://drive.google.com/file/d/1AL2vuoqOPDiALytTMNwVCKWH3Ot8ZY43/view?usp=drivesdk
Hépato - Gastrologie,ITEM 282 - DIARRHEE CHRONIQUE_V2,PDF,https://drive.google.com/file/d/13o20sFkwwIN7SyyDOQwZ9o9cojYNgfS5/view?usp=drivesdk
Hépato - Gastrologie,ITEM 298 - TUMEUR COLORECTALE,PDF,https://drive.google.com/file/d/1DDbnCCeEcGIK8oQ9gQJLgcOUVvWvNNqT/view?usp=drivesdk
Hépato - Gastrologie,ITEM 300 - TUMEUR ESTOMAC,PDF,https://drive.google.com/file/d/1EkXDWATfW5mNfEbxVtvGLB9Mx-jmKPgC/view?usp=drivesdk
Hépato - Gastrologie,ITEM 283 - DIARRHEE AIGUE,PDF,https://drive.google.com/file/d/1kd4dSP69OixvVdONJWhuechYPZ5JMt17/view?usp=drivesdk
Hépato - Gastrologie,ITEM 276 - CIRRHOSE,PDF,https://drive.google.com/file/d/1Pt5F6BmyOafSGV86RxX8aIzbHW-LvGiC/view?usp=drivesdk
Hépato - Gastrologie,ITEM 285 - PATHOLOGIE HEMORROIDAIRE,PDF,https://drive.google.com/file/d/1A16mCY4BFcKHdC2i62T9OT073tQgjrWV/view?usp=drivesdk
Hépato - Gastrologie,ITEM 284 - DIVERTICULOSE ET SIGMOIDITE,PDF,https://drive.google.com/file/d/1sSc_5eUbkGTloLYo7VtVncbQ7WevZ_gO/view?usp=drivesdk
Hépato - Gastrologie,ITEM 286 - HERNIE PARIETALE,PDF,https://drive.google.com/file/d/1LeudY-mqY8LtvoDp9c_Vy2PIwrnIDksZ/view?usp=drivesdk
Hépato - Gastrologie,ITEM 279 - MICI,PDF,https://drive.google.com/file/d/1bUg0DfQPoDQT1U_6__JKo6WTp942sK18/view?usp=drivesdk
Hépato - Gastrologie,ITEM 281 - COLOPATHIE FONCTIONNELLE,PDF,https://drive.google.com/file/d/1g1fPLIVsbOWtw4wuE_sZ9Pmzz3t_v-7u/view?usp=drivesdk
Hépato - Gastrologie,ITEM 277 - ASCITE,PDF,https://drive.google.com/file/d/1qRh7C5_IJK3XGq1ahUNoSG93y3KBlUKf/view?usp=drivesdk
Hépato - Gastrologie,ITEM 280 - CONSTIPATION,PDF,https://drive.google.com/file/d/1LlY5ruxThELXIhyFdXHPM64Oi0myBdZo/view?usp=drivesdk
Hépato - Gastrologie,ITEM 275 - ICTERE,PDF,https://drive.google.com/file/d/1Fo2iKqo914t1P__hNFapr7CyQBX1rxPG/view?usp=drivesdk
Hépato - Gastrologie,ITEM 278 - PANCREATITE CHRONIQUE,PDF,https://drive.google.com/file/d/1VKFtr_g9aKFJEk6fty2IZbQj-dQasaqv/view?usp=drivesdk
Hépato - Gastrologie,ITEM 274 - LITHIASE BILIAIRE,PDF,https://drive.google.com/file/d/1kffIUKneFRJWUSSLtb4QDjOgKslmsRIF/view?usp=drivesdk
Hépato - Gastrologie,ITEM 273 - HEPATOMEGALIE ET MASSE ABDO,PDF,https://drive.google.com/file/d/1UKxxD4ujreFWnHHIiaP4__1mbDIhv8Ls/view?usp=drivesdk
Hépato - Gastrologie,ITEM 271 - VOMISSEMENTS,PDF,https://drive.google.com/file/d/1TZzXCc9TfFGrCR-X6y2o-8B5Z6HQ7fTB/view?usp=drivesdk
Hépato - Gastrologie,ITEM 270 - DYSPHAGIE,PDF,https://drive.google.com/file/d/1OwjZO_MlOzGJHKrLNcIl1KhBqIgpzm0Y/view?usp=drivesdk
Hépato - Gastrologie,ITEM 269 - ULCERE GASTRODUODENAL-GASTRITE,PDF,https://drive.google.com/file/d/1ifs7nQTcbjMKtPFYmfVL6yqyl8gWRfhp/view?usp=drivesdk
Hépato - Gastrologie,ITEM 268 - RGO_1,PDF,https://drive.google.com/file/d/1bmO6YJgbu-ey1mDqtjk6g-V_h3nCsuoa/view?usp=drivesdk
Hépato - Gastrologie,ITEM 267 - DOULEUR ABDOMINALE,PDF,https://drive.google.com/file/d/1haKYuyZyViQTK9wEkmXkyZVqbbfPlrwu/view?usp=drivesdk
Hépato - Gastrologie,ITEM 163 - ANOMALIES BILAN HEPATIQUE_V2,PDF,https://drive.google.com/file/d/1OY3cnIoEQkUPUk4M_KJR2Lu1R9t6DBUE/view?usp=drivesdk
Hépato - Gastrologie,ITEM 163 - HEPATITE,PDF,https://drive.google.com/file/d/1Blc8fFtvkIFzMHJ6xaHVtSPHGQh8Ms_I/view?usp=drivesdk
Hépato - Gastrologie,ITEM 197 - TRANSPLANTATION HEPATIQUE,PDF,https://drive.google.com/file/d/1HUh684W97z7b4sDkqvXo5NQphzrBXXqg/view?usp=drivesdk
Gynécologie,ITEM 42 - TUMEFACTION PELVIENNE,PDF,https://drive.google.com/file/d/1EmGU9JEfS4zefKWYUMIlfhUeoKLWoHfJ/view?usp=drivesdk
Gynécologie,ITEM 40 - AMENORRHEE,PDF,https://drive.google.com/file/d/1xRFAZRiY5yPNw4xSGF59hsiEEDjYHFBH/view?usp=drivesdk
Gynécologie,ITEM 33 - SUITE DE COUCHE PATHO,PDF,https://drive.google.com/file/d/1Bf_ujB_pJYSv_egyNbKbJ3a-pmoNmuZ2/view?usp=drivesdk
Gynécologie,ITEM 41 - HEMORRAGIE GENITALE,PDF,https://drive.google.com/file/d/13VS15RX4L3a1K4i9I08CNe0-Scyky-s7/view?usp=drivesdk
Gynécologie,ITEM 56 - TROUBLE SEXUALITE,PDF,https://drive.google.com/file/d/1h6eeMOZkXCgwHHbd9EnrVfwZVWAWxSZ-/view?usp=drivesdk
Gynécologie,ITEM 39 - ALGIE PELVIENNE,PDF,https://drive.google.com/file/d/1u-KdPLyai8BJE7PH6hon-9TRjvCdjyRh/view?usp=drivesdk
Gynécologie,ITEM 35 - CONTRACEPTION,PDF,https://drive.google.com/file/d/1BDGL8ZRVRa-Vyk0QORGsjU7x_8qhRtxF/view?usp=drivesdk
Gynécologie,ITEM 297 - TUMEUR DU CORPS UTERIN,PDF,https://drive.google.com/file/d/1UzI86cYrkWB0C4SIr17PGyN2kaQc8DkY/view?usp=drivesdk
Gynécologie,ITEM 38 - AMP,PDF,https://drive.google.com/file/d/17mDXm1T-VvHj7lV5dV-_CB7uvpggr8mt/view?usp=drivesdk
Gynécologie,ITEM 36 - IVG,PDF,https://drive.google.com/file/d/1IWlvu8ovEqvrnzufrNJIkGcsZNv23Hb4/view?usp=drivesdk
Gynécologie,ITEM 37 - STERILITE DU COUPLE,PDF,https://drive.google.com/file/d/114asENaj-DKiiD0aDdE3fS4nnb-fLuGm/view?usp=drivesdk
Gynécologie,ITEM 34 - ANOMALIE CYCLE MENSTRUEL,PDF,https://drive.google.com/file/d/1WDOc-Qb75OMQvLyCAEYqTBYTmNJzutX4/view?usp=drivesdk
Gynécologie,ITEM 303 - TUMEUR DE LOVAIRE,PDF,https://drive.google.com/file/d/13-GsU4j7JedAJTGYNDQjJPCnJpjQRbGR/view?usp=drivesdk
Gynécologie,ITEM 309 - TUMEUR DU SEIN,PDF,https://drive.google.com/file/d/1s9TPSuyiqM2kbfuyCZ04QTgN8V2AU60m/view?usp=drivesdk
Gynécologie,ITEM 339 - HTA-PREECLAMPSIE,PDF,https://drive.google.com/file/d/1ExVVkLYJA4o46qSJPOzlKsOhwGddiiWk/view?usp=drivesdk
Gynécologie,ITEM 297 - TUMEUR DU COL UTERIN,PDF,https://drive.google.com/file/d/195HXFwLL5hnbnu07lm0n63JVNfLfZNEK/view?usp=drivesdk
Gynécologie,ITEM 30 - ACCOUCHEMENT,PDF,https://drive.google.com/file/d/1A6_U9-6XWtx5-OqqgRXId2guo7ZDkHLW/view?usp=drivesdk
Gynécologie,ITEM 32 - ALLAITEMENT,PDF,https://drive.google.com/file/d/1tS8FWOeRi1ZlxRszynZXRR3rBQ4h3beG/view?usp=drivesdk
Gynécologie,ITEM 27 - GROSSESSE ET INFECTION URINAIRE,PDF,https://drive.google.com/file/d/1yu6gB8r3TYWN0_WyC4yUfucDD3t8dUiB/view?usp=drivesdk
Gynécologie,ITEM 29 - PREMATURITE - RCIU,PDF,https://drive.google.com/file/d/1W42lIqtNSz-c43-FuybkypHDrAProt70/view?usp=drivesdk
Gynécologie,ITEM 26 - RISQUE FOETAL INFECTIEUX,PDF,https://drive.google.com/file/d/1yVoA2nIUvpdPDSMP1XS9kDCDhhyz4aEZ/view?usp=drivesdk
Gynécologie,ITEM 28 - GROSSESSE ET RISQUES PROFESSIONNELS,PDF,https://drive.google.com/file/d/1DSMJFYXAQ9xGI-xytRpA6sFsEpKUVh29/view?usp=drivesdk
Gynécologie,ITEM 26 - RISQUE FOETAL TOXIQUE,PDF,https://drive.google.com/file/d/13ySXBZ8voTomIGU70UawgqnJrZYLKUbk/view?usp=drivesdk
Gynécologie,ITEM 26 - RISQUE FOETAL MEDICAMENTEUX,PDF,https://drive.google.com/file/d/1d1M2bM-2LVl8V6eLhgOcgJtcHp500Ms1/view?usp=drivesdk
Gynécologie,ITEM 23 - HEMORRAGIE GENITALE ET GROSSESSE,PDF,https://drive.google.com/file/d/10IeLzg7c2gJdN5-GNmXQ7nJLte4Bdc0b/view?usp=drivesdk
Gynécologie,ITEM 158 - INFECTION GENITALE,PDF,https://drive.google.com/file/d/1dnAbWUBhe8WLWXYnn4xEUpCXSVYUWKi1/view?usp=drivesdk
Gynécologie,ITEM 25 - DOULEUR ABDO FEMME ENCEINTE,PDF,https://drive.google.com/file/d/1oQ3svvnM3MmfCFzmMyUkFSzLKpdHy7xX/view?usp=drivesdk
Gynécologie,ITEM 23 - FIEVRE ET GROSSESSE,PDF,https://drive.google.com/file/d/1ivVgIkzZZgBTY9lP7aRWNRk2oOQSQuYs/view?usp=drivesdk
Gynécologie,ITEM 252 - DIABETE ET GROSSESSE,PDF,https://drive.google.com/file/d/1KuW0DoVcRnZkQaB_qO8ojEJEnTh75G4I/view?usp=drivesdk
Gynécologie,ITEM 22 - GROSSESSE NORMALE,PDF,https://drive.google.com/file/d/1-CLk2MBnfCuwR9GtLrZUdugYchajNKH-/view?usp=drivesdk
Gynécologie,ITEM 252 - NUTRITION ET GROSSESSE,PDF,https://drive.google.com/file/d/1KdQhatC3T_2DsovFxKS-vsYFS6zoBPtY/view?usp=drivesdk
Gynécologie,ITEM 23 - MAP,PDF,https://drive.google.com/file/d/1wAhePk8D5zg8dTetNueMo1Qj25kFWMgk/view?usp=drivesdk
Gynécologie,ITEM 24 - GEU,PDF,https://drive.google.com/file/d/1-AGq6eM8XL0ezlBj7ZVr1gCChYaQNigY/view?usp=drivesdk
Gynécologie,ITEM 23 - IMMUNISATION MATERNO-FOETALE,PDF,https://drive.google.com/file/d/1Zg84j0eot-OzjYgsVMIK2je9Cgw8lqjX/view?usp=drivesdk
Gynécologie,ITEM 121 - TROUBLES MICTIONNELS,PDF,https://drive.google.com/file/d/1PztBqau62VROv5HF4UmsvQl7lERLzDnY/view?usp=drivesdk
Gynécologie,ITEM 21 - BILAN PRECONCEPTIONNEL,PDF,https://drive.google.com/file/d/18Ddv84DtlnXyXBX_lwZMT-addgkx7oZJ/view?usp=drivesdk
Gynécologie,ITEM 133 - ANALGESIE OBSTETRICALE,PDF,https://drive.google.com/file/d/1gj71qVo7A-sVVwaQPI-mytwrSlkUMaV4/view?usp=drivesdk
Gynécologie,ITEM 120 - MENOPAUSE,PDF,https://drive.google.com/file/d/1tyYQACO9kNu2ZPK1YvWuz-0LXDbA1-_E/view?usp=drivesdk
Médecine interne,ITEM 217 - AMYLOSE,PDF,https://drive.google.com/file/d/1hxLVLZmQngiAcHtmr8YLKYxiOpr_H31Q/view?usp=drivesdk
Médecine interne,ITEM 216 - ADP SUPERFICIELLE,PDF,https://drive.google.com/file/d/15CsM3vfeRysHm8Y0GPNRJpOlyn8uf1DB/view?usp=drivesdk
Médecine interne,ITEM 237 - ACROSYNDROME,PDF,https://drive.google.com/file/d/1t5vIanyBdVeRRhkpbT0mjkhiIl2EiWn1/view?usp=drivesdk
Médecine interne,ITEM 215 - PATHOLOGIE DU FER,PDF,https://drive.google.com/file/d/1_SNVlQZJN32otlfIdneLZqI9k-cr5Wp-/view?usp=drivesdk
Médecine interne,ITEM 207 - SARCOIDOSE,PDF,https://drive.google.com/file/d/1NRYWTaMR0ofjxeVb_g_ZWbdlqNJ8DVSR/view?usp=drivesdk
Médecine interne,ITEM 214 - HYPEREOSINOPHILIE,PDF,https://drive.google.com/file/d/1bQl1uLEZF_Z60GbKvtpjpQlj-hEMQe93/view?usp=drivesdk
Médecine interne,ITEM 198 - BIOTHERAPIE,PDF,https://drive.google.com/file/d/1-MOa9Wkc4A8F7pnuVvPFs9rPSVVKTlIy/view?usp=drivesdk
Médecine interne,ITEM 197 - TRANSPLANTATION,PDF,https://drive.google.com/file/d/1hpO2iEF7b0FqhULkts6SgZgPA6cHpJmb/view?usp=drivesdk
Médecine interne,ITEM 191 - ARTERITE A CELLULES GEANTES,PDF,https://drive.google.com/file/d/1WBrptD7kYTIeO6wnky8yS9lOAv_hLMYM/view?usp=drivesdk
Médecine interne,ITEM 211 - PURPURA_0,PDF,https://drive.google.com/file/d/1wBWv_S8kcxqbWaY3ppmZG8S-cEhzsRDq/view?usp=drivesdk
Médecine interne,ITEM 190 - LUPUS,PDF,https://drive.google.com/file/d/14Od4hrXxAYzTzO-dF7PslEC6wvi_biVe/view?usp=drivesdk
Médecine interne,ITEM 189 - VASCULARITE,PDF,https://drive.google.com/file/d/1xgJ-B0qOg0Q6aNVP4b_v_HHJUil0TO2Z/view?usp=drivesdk
Médecine interne,ITEM 186 - FIEVRE PROLONGEE,PDF,https://drive.google.com/file/d/18rpTgqZ4SrzXIapgvhfju-NVW2OAYsYn/view?usp=drivesdk
Médecine interne,ITEM 182 - ALLERGIE,PDF,https://drive.google.com/file/d/1CFHTfZV8Dc1YZsKzKx3096mVuhpN_0SD/view?usp=drivesdk
Médecine interne,ITEM 188 - PATHOLOGIE AUTOIMMUNE,PDF,https://drive.google.com/file/d/1-Or2-mUq627fefH55Ir_Az96WwVN1WIZ/view?usp=drivesdk
Médecine interne,ITEM 181 - REACTION INFLAMMATOIRE,PDF,https://drive.google.com/file/d/1iVOrGNJxHNwH5OOMN9f1YQhv7TYnmPlx/view?usp=drivesdk
Médecine interne,ITEM 185 - DEFICIT IMMUNITAIRE,PDF,https://drive.google.com/file/d/13sY7rOF6yVpCxynluggWJwEVj4GHmv9K/view?usp=drivesdk
Neurologie,ITEM 99 - PARALYSIE FACIALE_0,PDF,https://drive.google.com/file/d/1Yj5x4Cce9zTzfEEbIsOv0wd2mN3Oc73B/view?usp=drivesdk
Neurologie,ITEM 98 - CEPHALEES-HTIC,PDF,https://drive.google.com/file/d/16Xz6_gptdyDceILHF9bkwdYrf82aq1TM/view?usp=drivesdk
Neurologie,ITEM 96 - MYASTHENIE,PDF,https://drive.google.com/file/d/1ra-tJhveWiUCbxDLAy1D-YisjiOtjDSr/view?usp=drivesdk
Neurologie,ITEM 95 - POLYRADICULONEVRITE AIGUE,PDF,https://drive.google.com/file/d/1LWerJ2PMlSsx2RnuSNhYPLtxpfHfSsIk/view?usp=drivesdk
Neurologie,ITEM 97 - MIGRAINES-ALGIE DE LA FACE,PDF,https://drive.google.com/file/d/1cGkUL5ee_JDewazabMkmV1hoOwf9XGf8/view?usp=drivesdk
Neurologie,ITEM 94 - NEUROPATHIE PERIPHERIQUE_V2,PDF,https://drive.google.com/file/d/1ATxO4ofiu357ME_ZLhlKyfBHD0potC3F/view?usp=drivesdk
Neurologie,ITEM 93 - RADICULALGIE-SYNDROME CANALAIRE_0,PDF,https://drive.google.com/file/d/1-kgMs2wT0DMpKyHRFXiyBok0edjwuQax/view?usp=drivesdk
Neurologie,ITEM 91 - COMPRESSION MEDULLAIRE,PDF,https://drive.google.com/file/d/1gFB5N_jQtchms1Cho3Rq1dAB0jz7VASE/view?usp=drivesdk
Neurologie,ITEM 90 - DEFICIT SENSITIVO-MOTEUR MEMBRE,PDF,https://drive.google.com/file/d/1OXFEWCWIclCWjgOvPvsnUZeR2vvj-L4G/view?usp=drivesdk
Neurologie,ITEM 338 - ETAT CONFUSIONNEL,PDF,https://drive.google.com/file/d/1Vb_88sMC5YncBx-_a3OHxfQWuNKJtOk7/view?usp=drivesdk
Neurologie,ITEM 74 - COMPLICATION NEURO ALCOOL,PDF,https://drive.google.com/file/d/1usaLlWihFu9x9S3ke1OM4FIXpIqx0FPW/view?usp=drivesdk
Neurologie,ITEM 336 - HEMORRAGIE MENINGEE,PDF,https://drive.google.com/file/d/1lm3XYlfihzj1bi84PoH22cctcZ5k98dM/view?usp=drivesdk
Neurologie,ITEM 89 - DEFICIT NEURO RECENT,PDF,https://drive.google.com/file/d/1YakM9ucRq0jbMvgQEXfV6FNt4zXZQ68F/view?usp=drivesdk
Neurologie,ITEM 335 - AVC_V2,PDF,https://drive.google.com/file/d/16O1yDVEKXWteQQbxjpFHqzPSF94cgNbi/view?usp=drivesdk
Neurologie,ITEM 330 - TRAUMA CRANIEN,PDF,https://drive.google.com/file/d/1bZtqaxhZApO1RVjktA5l2kNDO51spSzU/view?usp=drivesdk
Neurologie,ITEM 337 - MALAISE-PERTE DE CONNAISSANCE,PDF,https://drive.google.com/file/d/17h_JtbtTsboKfj8mTZOYohKrKbKR3ne3/view?usp=drivesdk
Neurologie,ITEM 148 - MENINGITE-MENINGOENCEPHALITE,PDF,https://drive.google.com/file/d/1MYLxSPqA4mIG5l5nXT9gAva5JtNApbZX/view?usp=drivesdk
Neurologie,ITEM 129 - TROUBLES COGNITIFS,PDF,https://drive.google.com/file/d/1XNIzY8j_BhCHQNGnpnTcTP0FfCzznllE/view?usp=drivesdk
Neurologie,ITEM 296 - TUMEUR INTRACRANIENNE,PDF,https://drive.google.com/file/d/137OZXC9FfPKa3tRLHW4dLjau15Xf1Hqg/view?usp=drivesdk
Neurologie,ITEM 106 - DEMENCE,PDF,https://drive.google.com/file/d/17W6VZ6O8enrN5ZVM9wfrG2QS_ScAVMjR/view?usp=drivesdk
Neurologie,ITEM 108 - TROUBLES DU SOMMEIL,PDF,https://drive.google.com/file/d/1Uqfgx5NuQwKCAJnvB1YzAIS22m49rPjh/view?usp=drivesdk
Neurologie,ITEM 165 - ATTEINTE NEUROLOGIQUE VIH,PDF,https://drive.google.com/file/d/1Me3XljYnaW3zVPEY5N0cY2aAmHlk_2nd/view?usp=drivesdk
Neurologie,ITEM 107 - TROUBLES MARCHE EQUILIBRE,PDF,https://drive.google.com/file/d/1NIx-fWoxcN8e16j7ZSKGRacYSoPaRTSL/view?usp=drivesdk
Neurologie,ITEM 105 - MOUVEMENTS ANORMAUX,PDF,https://drive.google.com/file/d/1-YXHq__flawQh02IPYjLfsxzG4mH-J4M/view?usp=drivesdk
Neurologie,ITEM 104 - PARKINSON_V2,PDF,https://drive.google.com/file/d/1C-69zyNev7lSAa3kfHDtENhZnQUx-ne1/view?usp=drivesdk
Neurologie,ITEM 102 - SCLEROSE EN PLAQUE,PDF,https://drive.google.com/file/d/1r61swKglERA-P5B3LQggh3_NT-XHKNXK/view?usp=drivesdk
Neurologie,ITEM 103 - EPILEPSIE,PDF,https://drive.google.com/file/d/1eQwl5WN9n9ZPDYjnfFhbX6vzhpSnARw7/view?usp=drivesdk
Nutrition,ITEM 69 - TROUBLE DU COMPORTEMENT ALIMENTAIRE,PDF,https://drive.google.com/file/d/1iAKf4AgLFaE8madqGFzENqg58a_Y-pIR/view?usp=drivesdk
Nutrition,ITEM 253 - APTITUDE AU SPORT,PDF,https://drive.google.com/file/d/14eanHBs_o2CSZZ6XSYEbfewERbxAK7XZ/view?usp=drivesdk
Nutrition,ITEM 251 - OBESITE,PDF,https://drive.google.com/file/d/1eMOEIM8H_nPP1fkbPhzl05mMGgz096Uv/view?usp=drivesdk
Nutrition,ITEM 249 - AMAIGRISSEMENT_V2,PDF,https://drive.google.com/file/d/1VSP1Om6YMzWMJ8hHAPGeIHFr9IvZ656V/view?usp=drivesdk
Nutrition,ITEM 248 - DENUTRITION,PDF,https://drive.google.com/file/d/1bSLh3Gk9jKPpViK6saLwSRQSpR48i2f-/view?usp=drivesdk
Nutrition,ITEM 247 - MODIFICATION DU MODE DE VIE,PDF,https://drive.google.com/file/d/14TWqj3sNXUMeFC56E9Cds6ZeUD4XI38c/view?usp=drivesdk
Nutrition,ITEM 246 - NUTRITION EN PREVENTION PRIMAIRE,PDF,https://drive.google.com/file/d/17Egf_k-GIN3flw7kQ1hGWN-BDBqn_0BE/view?usp=drivesdk
Pédiatrie,ITEM 52 - BOITERIE ENFANT,PDF,https://drive.google.com/file/d/19XuQv7huDrErPm_lp27CBX6Tr1_Y9faA/view?usp=drivesdk
Pédiatrie,ITEM 51 - RETARD DE CROISSANCE,PDF,https://drive.google.com/file/d/1TcHwb0L-jxKKzPSYlxXUGYppW4LtjyN6/view?usp=drivesdk
Pédiatrie,ITEM 49 - TROUBLE MICTION,PDF,https://drive.google.com/file/d/1u9NUdfAExRi9fdDBzhzz7140jVl0doxa/view?usp=drivesdk
Pédiatrie,ITEM 55 - MALTRAITANCE,PDF,https://drive.google.com/file/d/1u_Ygqtc15g9Gr-l1rX4Sm-dFMpJ_rgrP/view?usp=drivesdk
Pédiatrie,ITEM 47 - PUBERTE,PDF,https://drive.google.com/file/d/1hq8cBAxoZb832yBzXYtpG_f4cbN43p-V/view?usp=drivesdk
Pédiatrie,ITEM 54 - HANDICAP ENFANT_V2_1,PDF,https://drive.google.com/file/d/1ufnqslcrp5ZS-3-xp6Vgbb9di0opQA4-/view?usp=drivesdk
Pédiatrie,ITEM 53 - DEVELOPPEMENT PSYCHOMOTEUR,PDF,https://drive.google.com/file/d/1lx1TgKKjveMWbVdPZ0QLQeExCQXp6HrZ/view?usp=drivesdk
Pédiatrie,ITEM 31 - EVALUATION-SOIN NOUVEAU-NE,PDF,https://drive.google.com/file/d/1JLLSQfVB65E80iz_LOTN5_aQ-LUn5Imk/view?usp=drivesdk
Pédiatrie,ITEM 45 - NUTRITION ENFANT,PDF,https://drive.google.com/file/d/1T5N_V4x5KE5AfBdqyjeC-v8HvHHxZJyj/view?usp=drivesdk
Pédiatrie,ITEM 328p - REANIMATION PEDIATRIQUE,PDF,https://drive.google.com/file/d/1VySOmDerfAifgvQ0Tf7bpAO7g3syPpa-/view?usp=drivesdk
Pédiatrie,ITEM 29 - PREMATURITE-RCIU,PDF,https://drive.google.com/file/d/1IIC1WVHSTvDUEIsr1xYH1GhUSeYPviNT/view?usp=drivesdk
Pédiatrie,ITEM 43 - MALADIES GENETIQUES,PDF,https://drive.google.com/file/d/166PmZBu8hQ52pE79gSIatbtXEV8qWm3e/view?usp=drivesdk
Pédiatrie,ITEM 294 - CANCER ENFANT,PDF,https://drive.google.com/file/d/1bgThXY_q0O-v5MPBgTB85DFMLoFoTyKp/view?usp=drivesdk
Pédiatrie,ITEM 349p - SYNDROME OCCLUSIF,PDF,https://drive.google.com/file/d/1LedFkopxCsdQ_VtkLB2ZPO5JfATaABs0/view?usp=drivesdk
Pédiatrie,ITEM 354p - DETRESSE RESPIRATOIRE AIGUE,PDF,https://drive.google.com/file/d/1VWkqlNaYmvpS8OOPrzmmvWCGfkUH0gBo/view?usp=drivesdk
Pédiatrie,ITEM 44 - DEPISTAGE-SUIVI PEDIATRIQUE,PDF,https://drive.google.com/file/d/1uRys70SVh1s7mHJVRcUx5-2GaEB-FjLa/view?usp=drivesdk
Pédiatrie,ITEM 283p - DIARRHEE AIGUE,PDF,https://drive.google.com/file/d/1qDCU77w8v9N_RRxBCKE73kJgz-kz5YXH/view?usp=drivesdk
Pédiatrie,ITEM 341 - CONVULSION ENFANT_V2,PDF,https://drive.google.com/file/d/1lMRS5i0n8nHl8Gu4VEJV6hqfvei00MQl/view?usp=drivesdk
Pédiatrie,ITEM 349p - SYNDROME OCCLUSIF,PDF,https://drive.google.com/file/d/1Aa13i2JWi1p5RDiAaez6OH8CFX5DtSAT/view?usp=drivesdk
Pédiatrie,ITEM 354p - DETRESSE RESPIRATOIRE AIGUE,PDF,https://drive.google.com/file/d/1jJttZY0iK0viw3rEl7GjTRSzfl9Q4pws/view?usp=drivesdk
Pédiatrie,ITEM 340 - MALAISE-MORT SUBITE NOURRISSON,PDF,https://drive.google.com/file/d/18YpexgTNihr33AL0Eseqjq8AH-dWeuXS/view?usp=drivesdk
Pédiatrie,ITEM 328p - REANIMATION PEDIATRIQUE,PDF,https://drive.google.com/file/d/1BJF5cEegPNnaLjfWxTk9NWm7M8au9wXi/view?usp=drivesdk
Pédiatrie,ITEM 341 - CONVULSION ENFANT_V2,PDF,https://drive.google.com/file/d/1ZWe7syIMefZvzgQnkYNI2Tg2glypfehb/view?usp=drivesdk
Pédiatrie,ITEM 29 - PREMATURITE-RCIU,PDF,https://drive.google.com/file/d/1mBio-QYg6tVgItLAXbeVthHuViLxBNzI/view?usp=drivesdk
Pédiatrie,ITEM 294 - CANCER ENFANT,PDF,https://drive.google.com/file/d/1T1PusRWZZnhTTOCAmw_pjTV8NsaED047/view?usp=drivesdk
Pédiatrie,ITEM 283p - DIARRHEE AIGUE,PDF,https://drive.google.com/file/d/1top4TIvXbvk6x6y6g_wY7q6ZL1HlYdTx/view?usp=drivesdk
Pédiatrie,ITEM 282p - DIARRHEE CHRONIQUE,PDF,https://drive.google.com/file/d/1OqnFmg7FkRx-mfoJGaWZ8ABR9pn3QOHn/view?usp=drivesdk
Pédiatrie,ITEM 271p - VOMISSEMENTS,PDF,https://drive.google.com/file/d/1drvMbUSXjWTGVtTPaeXqEIJnFb7myCw9/view?usp=drivesdk
Pédiatrie,ITEM 267p - DOULEUR ABDOMINALE,PDF,https://drive.google.com/file/d/1OXFLSp3taUDY7bH5i2rYf_W5wlNeMmPB/view?usp=drivesdk
Pédiatrie,ITEM 251p - OBESITE,PDF,https://drive.google.com/file/d/1fjVj5PmmxOc0jEvo7xXXRMMluAi8LrrD/view?usp=drivesdk
Pédiatrie,ITEM 280p - CONSTIPATION_V2,PDF,https://drive.google.com/file/d/1w89XQtH0-p5j7bgWNcO-M_C3fTxPSqsh/view?usp=drivesdk
Pédiatrie,ITEM 256p - PROTEINURIE-SD NEPHROTIQUE,PDF,https://drive.google.com/file/d/1Zl1bLIcITOiXb7LfrdrpZGUAovz611Jm/view?usp=drivesdk
Pédiatrie,ITEM 275p - ICTERE NEONATAL_V2,PDF,https://drive.google.com/file/d/1r888cqYksb6jNYglY_I6hOh-r-fzUg2j/view?usp=drivesdk
Pédiatrie,ITEM 245p - DIABETE,PDF,https://drive.google.com/file/d/1bKZ9-0CsnTln3matQ0Lf43PQQn1vCQrw/view?usp=drivesdk
Pédiatrie,ITEM 268p - RGO,PDF,https://drive.google.com/file/d/12aNaxdyEcbaZGvxKJHj_4AQjlh4ilmqj/view?usp=drivesdk
Pédiatrie,ITEM 211p - PURPURA,PDF,https://drive.google.com/file/d/1fizDGxii1dLJieId6E_sDMTQ39Db8iFJ/view?usp=drivesdk
Pédiatrie,ITEM 209p - ANEMIE,PDF,https://drive.google.com/file/d/1H_pl33Fud_FHbnnubjbgnL9g02M8YHNs/view?usp=drivesdk
Pédiatrie,ITEM 210p - THROMBOPENIE,PDF,https://drive.google.com/file/d/1-Zrb55d3vQTNc1Eqap-2xqkzBzmS5_qQ/view?usp=drivesdk
Pédiatrie,ITEM 200p - TOUX,PDF,https://drive.google.com/file/d/14EnxRMfdJ0ys-LeuSAeREOlzp4W3c1uL/view?usp=drivesdk
Pédiatrie,ITEM 184p - ASTHME,PDF,https://drive.google.com/file/d/1eVnYx482U3_R-KM7itnY3udo2BnjBMWj/view?usp=drivesdk
Pédiatrie,ITEM 185p - DEFICIT IMMUNITAIRE,PDF,https://drive.google.com/file/d/1puIA008pxoj3kR9bL7ZE_UK7ilwyDdHx/view?usp=drivesdk
Pédiatrie,ITEM 159 - COQUELUCHE,PDF,https://drive.google.com/file/d/1MAtHdEQgUdKhh_bmOwb4NTKot8FnbHZN/view?usp=drivesdk
Pédiatrie,ITEM 205p - MUCOVISCIDOSE - BPCO,PDF,https://drive.google.com/file/d/1_EabnQ0cAyO-MTyzNzS-AQn66N8a-jdb/view?usp=drivesdk
Pédiatrie,"ITEM 182p - HYPERSENSIBILITE, ALLERGIE",PDF,https://drive.google.com/file/d/1tlUzFgVyMWkJutJHB3epsha-8-MuObd7/view?usp=drivesdk
Pédiatrie,ITEM 157p - INFECTION URINAIRE,PDF,https://drive.google.com/file/d/1XxhVsZJzjNvXIlxV62eQwwx4yKBTMbfx/view?usp=drivesdk
Pédiatrie,ITEM 151p - INFECTION BRONCHOPULMONAIRE,PDF,https://drive.google.com/file/d/1WlCya2BAqs2xLa1XHao0f7AyqyGAngmy/view?usp=drivesdk
Pédiatrie,ITEM 148p - MENINGITE,PDF,https://drive.google.com/file/d/1XPHS8s6pa38c-rqHp5UJmNex6xHk3BMG/view?usp=drivesdk
Pédiatrie,ITEM 160 - EXANTHEME FEBRILE,PDF,https://drive.google.com/file/d/1P1FhDzqV9QyuY3F8_LvKp-pd0k4lUjJl/view?usp=drivesdk
Pédiatrie,ITEM 145p - INFECTION NASO-SINUSIENNE,PDF,https://drive.google.com/file/d/1KyRAPtnqoxrkBG6GRIWmjPXhV8BeRJHB/view?usp=drivesdk
Pédiatrie,ITEM 146p - ANGINE-RHINOPHARYNGITE,PDF,https://drive.google.com/file/d/1MDw86OW5GE87qFuRawWFzPQoS7B7Ct2X/view?usp=drivesdk
Pédiatrie,ITEM 147p - OTITE_V2,PDF,https://drive.google.com/file/d/1TR-Urx4zcz649wS6hXZVkXSJJRfFjB2n/view?usp=drivesdk
Pédiatrie,ITEM 144p - FIEVRE AIGUE,PDF,https://drive.google.com/file/d/1WaL5hXvzb9vuElAzHOjs2HSbH33STQg3/view?usp=drivesdk
Pédiatrie,ITEM 134 - DOULEUR ENFANT,PDF,https://drive.google.com/file/d/1DeUy9F9DO9IDtzVsX1qpskjaCIHXl96e/view?usp=drivesdk
Pédiatrie,ITEM 108p - TROUBLES DU SOMMEIL_V2_1,PDF,https://drive.google.com/file/d/14f1Jah5MF-IakrqzXA3LuecFy8Vc6RT8/view?usp=drivesdk
Orthopédie,ITEM 361 - SURVEILLANCE PLATRE,PDF,https://drive.google.com/file/d/1t1xOKWgtO1JaXi6YYs-A7TQWgcUxj5fv/view?usp=drivesdk
Orthopédie,ITEM 360 - FRACTURE ENFANT,PDF,https://drive.google.com/file/d/1Zc4eOqnnGa9Z5PSJalxSpvOUcs4_gCEA/view?usp=drivesdk
Orthopédie,ITEM 357 - LESION PERIARTICULAIRE EPAULE,PDF,https://drive.google.com/file/d/1pYYT2oebqzrAPpJ_eOxL8eWbjFp8TThM/view?usp=drivesdk
Orthopédie,ITEM 357 - LESION PERIARTICULAIRE GENOU,PDF,https://drive.google.com/file/d/1UPC_SlkDKkryhva4GBtryIwFvHzRvS9B/view?usp=drivesdk
Orthopédie,ITEM 359 - FRACTURE MI_V2,PDF,https://drive.google.com/file/d/1q5MPlCBswayLKuziGyLItZ79tZXpV8E-/view?usp=drivesdk
Orthopédie,ITEM 359 - FRACTURE MS,PDF,https://drive.google.com/file/d/1SwNf9yMVC2TeAECjfZ4B0JJqw9vPEREo/view?usp=drivesdk
Orthopédie,ITEM 358 - PROTHESE-OSTEOSYNTHESE,PDF,https://drive.google.com/file/d/1yhxYTZqZEa9lAu8F-OhpmN6EWWvUJBLf/view?usp=drivesdk
Orthopédie,ITEM 361 - SURVEILLANCE PLATRE,PDF,https://drive.google.com/file/d/1oAN96XlRfqP6ztxSqk_0wH_9pCbY7wj8/view?usp=drivesdk
Orthopédie,ITEM 358 - PROTHESE-OSTEOSYNTHESE,PDF,https://drive.google.com/file/d/1ByR5EbWCu0kCjZfYpi7zFjcB1s0Q-J6x/view?usp=drivesdk
Orthopédie,ITEM 360 - FRACTURE ENFANT,PDF,https://drive.google.com/file/d/1DM6jimMLM3BlSNsDlAqAjWQ_b43mGpcR/view?usp=drivesdk
Orthopédie,ITEM 359 - FRACTURE MS,PDF,https://drive.google.com/file/d/1xKl-CyjIUbEpgqddwKRAgNk_p3DpNOkJ/view?usp=drivesdk
Orthopédie,ITEM 359 - FRACTURE MI_V2,PDF,https://drive.google.com/file/d/11Z8djSeRRZdcqa7jHoPu3fmSqhwQNliq/view?usp=drivesdk
Orthopédie,ITEM 357 - LESION PERIARTICULAIRE GENOU,PDF,https://drive.google.com/file/d/1zEoJa3YSRwqzFZ_lrf2LfNnmVJajWyW4/view?usp=drivesdk
Orthopédie,ITEM 359 - TRAUMATISME DE LEPAULE,PDF,https://drive.google.com/file/d/1rbn6DtJ_r3Ha6c0APKpTJB_05RPjV4ue/view?usp=drivesdk
Orthopédie,ITEM 344 - INFECTION PARTIES MOLLES,PDF,https://drive.google.com/file/d/1Y4zwXmYdFHryG0KmWkyt6iUDLo26lbfh/view?usp=drivesdk
Orthopédie,ITEM 357 - LESION PERIARTICULAIRE EPAULE,PDF,https://drive.google.com/file/d/16vNLHvhhH9UqXIZXHSQnln1jV1m871lu/view?usp=drivesdk
Orthopédie,ITEM 329 - CICATRISATION,PDF,https://drive.google.com/file/d/1sMHdzJNAfJAXK24algQqXooxsx0Xdbx6/view?usp=drivesdk
Orthopédie,ITEM 357 - LESION PERIARTICULAIRE CHEVILLE,PDF,https://drive.google.com/file/d/1kLuoZxa2V-sglKSDukldB-2hmivcgqKS/view?usp=drivesdk
Orthopédie,ITEM 329 - PLAIE MAIN,PDF,https://drive.google.com/file/d/1PdHgLK8uUnIkDo0lqvxr4RqyWlI-f_mw/view?usp=drivesdk
Ophtalmologie,ITEM 127 - CATARACTE,PDF,https://drive.google.com/file/d/1KHKhpVj471vgKqKKU_QGl7O3RXJoh-5K/view?usp=drivesdk
Ophtalmologie,ITEM 100 - DIPLOPIE,PDF,https://drive.google.com/file/d/13Bd8eGwdLCB1E0AtrwGp_fnFCmX3J_9S/view?usp=drivesdk
Ophtalmologie,ITEM 84 - PATHOLOGIE PAUPIERE,PDF,https://drive.google.com/file/d/1-DMMcj0lqe-uXmPQTuLKAYIc2S_U1plM/view?usp=drivesdk
Ophtalmologie,ITEM 82 - GLAUCOME CHRONIQUE,PDF,https://drive.google.com/file/d/1xeBaVWpUlqAdVJcgCewIizL_MupVXHXm/view?usp=drivesdk
Ophtalmologie,ITEM 80 - OVCR,PDF,https://drive.google.com/file/d/1hSYkAamqV2jCvRMvAlDm3RwrzlpxoSha/view?usp=drivesdk
Ophtalmologie,ITEM 83 - TROUBLE DE REFRACTION,PDF,https://drive.google.com/file/d/1ReJpq0aWFLKexUwjg-Lyi5gdhjVc8H8s/view?usp=drivesdk
Ophtalmologie,ITEM 81 - OEIL ROUGE DOULOUREUX,PDF,https://drive.google.com/file/d/1r64eaSImfpg4PVqJJ3EOZHrzqAa5DId1/view?usp=drivesdk
Ophtalmologie,ITEM 80 - NORB,PDF,https://drive.google.com/file/d/1q5khHqBKcS-kl32tIiweRz_rDMAYrla9/view?usp=drivesdk
Ophtalmologie,ITEM 80 - OACR,PDF,https://drive.google.com/file/d/1NFbn3PhGw5DNTsRtYirhvQXiOtm6vWbh/view?usp=drivesdk
Ophtalmologie,ITEM 80 - NOIAA,PDF,https://drive.google.com/file/d/1ofYhXMXVJ0lHZJbXn1PL30CQ3HOkmIUt/view?usp=drivesdk
Ophtalmologie,ITEM 79 - ALTERATION FONCTION VISUELLE,PDF,https://drive.google.com/file/d/1EnCN7aY_O0UQr97aFB1Dz4iZC4ZrRtXK/view?usp=drivesdk
Ophtalmologie,ITEM 80 - ANOMALIE VISION BRUTALE_V2,PDF,https://drive.google.com/file/d/1cUTKKuCM02IcXkFZsDQ384zWTZB8lMNA/view?usp=drivesdk
Ophtalmologie,ITEM 330 - TRAUMA-BRULURE OCULAIRE,PDF,https://drive.google.com/file/d/1uL-GLJ8dMVxaz_i1sSqymbgvr3kZ_ZdY/view?usp=drivesdk
Ophtalmologie,ITEM 50 - STRABISME ENFANT,PDF,https://drive.google.com/file/d/1SwQwDfPI_bem9K8oL73ejkK1tC31sFWF/view?usp=drivesdk
Ophtalmologie,ITEM 245 - RETINOPATHIE DIABETIQUE,PDF,https://drive.google.com/file/d/1T7zixju5eTxMaHRCthoIDTRTcRfQRwRM/view?usp=drivesdk
Ophtalmologie,ITEM 240 - OPTHALMOPATHIE DYSTHYROÏDIENNE,PDF,https://drive.google.com/file/d/1XdUry7Ri_Og0LM_eURx9g0-KKBKK64Rb/view?usp=drivesdk
Ophtalmologie,ITEM 221 - RETINOPATHIE HYPERTENSIVE,PDF,https://drive.google.com/file/d/1eihNouhKZpStUM_KnOc1J3ed4CWzQ0NK/view?usp=drivesdk
Ophtalmologie,ITEM 197 - PRELEVEMENT ET GREFFE DE CORNEE,PDF,https://drive.google.com/file/d/1iPP0JjqVfvY_NPyBjzi3K1KT9sf1CYP3/view?usp=drivesdk
Ophtalmologie,ITEM 127 - CATARACTE,PDF,https://drive.google.com/file/d/1lfoPHsHv4JQa-yNzENTdZdqywme2PPoz/view?usp=drivesdk
Ophtalmologie,ITEM 100 - DIPLOPIE,PDF,https://drive.google.com/file/d/1CbRF2ocm_twkpllomFJt5-uUXTzojvdV/view?usp=drivesdk
Ophtalmologie,ITEM 127 - DMLA,PDF,https://drive.google.com/file/d/1Hm79RvKfpJru3Y6npwj4_A5Rp_KXWqC4/view?usp=drivesdk
Néphrologie,ITEM 265 - ANOMALIE HYDROSODEE,PDF,https://drive.google.com/file/d/1PLrBNcoXl961vK3tPppFicEU5I9XFjwI/view?usp=drivesdk
Néphrologie,ITEM 264 - DIURETIQUES,PDF,https://drive.google.com/file/d/1IVuClGjpyQo_fXHFrhLcWbrTVwZgrlbU/view?usp=drivesdk
Néphrologie,ITEM 261 - IRC,PDF,https://drive.google.com/file/d/1V4eBnWIAioudUBghw_b1hiuNNHFy3ziT/view?usp=drivesdk
Néphrologie,ITEM 343 - IRA,PDF,https://drive.google.com/file/d/1XVvKdFzVbB0qWpJJBxw6Go4qXu01EvCc/view?usp=drivesdk
Néphrologie,ITEM 318 - IATROGENIE EN NEPHRO,PDF,https://drive.google.com/file/d/1aV0nrfuZG8RkPEw_5U5OH32rlYqXMrh3/view?usp=drivesdk
Néphrologie,ITEM 265 - ANOMALIE POTASSIUM,PDF,https://drive.google.com/file/d/1v6Z_gqGZeIFh2zBZVap2lf55JcbdhNOh/view?usp=drivesdk
Néphrologie,ITEM 265 - DESORDRE ACIDOBASIQUE,PDF,https://drive.google.com/file/d/1ivP15xIUCvmJZaJGxvfs2qWB4zMuVKBR/view?usp=drivesdk
Néphrologie,ITEM 263 - POLYKYSTOSE RENALE,PDF,https://drive.google.com/file/d/1jfSye5sEVnQAsoS8YhjJz_1PfooGZwNL/view?usp=drivesdk
Néphrologie,ITEM 265 - ANOMALIE POTASSIUM,PDF,https://drive.google.com/file/d/11Fxw9jFtjfM7KLynBuRUfqztAi41AXcQ/view?usp=drivesdk
Néphrologie,ITEM 263 - POLYKYSTOSE RENALE,PDF,https://drive.google.com/file/d/1l6DaXqUQJOPz5vJpdCAtInqZjqCH4lZL/view?usp=drivesdk
Psychiatrie,ITEM 78 - DOPAGE,PDF,https://drive.google.com/file/d/1JfyhZIrgHjrBdwAOxF_IqWqP8VKHltIj/view?usp=drivesdk
Psychiatrie,ITEM 77 - ADDICTION COMPORTEMENTALE,PDF,https://drive.google.com/file/d/1s9t-5GaZaHW418Zi3bPrwr-tQj3E7LVB/view?usp=drivesdk
Psychiatrie,ITEM 76 - ADDICTION DROGUES,PDF,https://drive.google.com/file/d/1Cbc8eRHChCJ2bdlKtYN7azgOiu6oWowv/view?usp=drivesdk
Psychiatrie,ITEM 346 - AGITATION-DELIRE AIGU,PDF,https://drive.google.com/file/d/1mDUqnqaIhGWxM6YOW6K4xd0d6j2vOHtm/view?usp=drivesdk
Psychiatrie,ITEM 141 - DEUIL,PDF,https://drive.google.com/file/d/1DGb5RQ8wNTPDFRALOfLQ4j4rqb_MAq0_/view?usp=drivesdk
Psychiatrie,ITEM 117 - HANDICAP MENTAL-PSYCHIQUE,PDF,https://drive.google.com/file/d/1RpLSmUMod2PIzqbmG-GKI6Vc2CB337pO/view?usp=drivesdk
Psychiatrie,ITEM 75 - ADDICTION PSYCHOTROPES,PDF,https://drive.google.com/file/d/1VckqgkZIGDh47K7wFTrnZtWan37i5Njd/view?usp=drivesdk
Psychiatrie,ITEM 348 - SUICIDE,PDF,https://drive.google.com/file/d/1wxNIoRp7Xwq0oHm316RTjUeAjerQWMW2/view?usp=drivesdk
Psychiatrie,ITEM 347 - ATTAQUE DE PANIQUE,PDF,https://drive.google.com/file/d/1L5f-xABcSGbDAq9sEEBNipus16fvEcLf/view?usp=drivesdk
Pneumologie,SEMIO PNEUMO,PDF,https://drive.google.com/file/d/1r5melbLcBQ1UZBiC_oBIqWaRAs5CIDF9/view?usp=drivesdk
Pneumologie,ITEM 354 - DETRESSE RESPIRATOIRE AIGUE_V2,PDF,https://drive.google.com/file/d/1fr_OVCycLMoBc5qU2OvEDyAGeIvQngpf/view?usp=drivesdk
Pneumologie,ITEM 356 - PNEUMOTHORAX_V2,PDF,https://drive.google.com/file/d/1yfv9FSj0RHtr1G8h8f0wY8PfXtqwbrCP/view?usp=drivesdk
Pneumologie,ITEM 222 - HYPERTENSION PULMONAIRE,PDF,https://drive.google.com/file/d/1u9OjicgVlrpExHhs8gAULJgFoQgJkUqX/view?usp=drivesdk
Pneumologie,ITEM 73 - TABAC,PDF,https://drive.google.com/file/d/1cTYFUF1BXHvKh_5AYa9YgXGW_d1kOKUl/view?usp=drivesdk
Pneumologie,ITEM 204 - INSUFFISANCE RESPIRATOIRE CHRONIQUE,PDF,https://drive.google.com/file/d/1OizJk3n8nC5ETU8DB81Wb3aYP4gYI3G5/view?usp=drivesdk
Pneumologie,ITEM 306 - CANCER BRONCHO-PULMONAIRE,PDF,https://drive.google.com/file/d/1ZWxRKYJv3bjuMPT9nCrv8fKLhs5E_lqO/view?usp=drivesdk
Pneumologie,ITEM 207 - SARCOIDOSE_0,PDF,https://drive.google.com/file/d/17r1EH8My53OH1svnIwgGnV3LoSRdVd-_/view?usp=drivesdk
Pneumologie,ITEM 203 - OPACITE MASSE INTRATHORACIQUE_V2,PDF,https://drive.google.com/file/d/173CpDfAEbFF1bhMDSTkoeObLhr8yJOKd/view?usp=drivesdk
Pneumologie,ITEM 206 - PNEUMOPATHIE INTERSTITIELLE DIFFUSE,PDF,https://drive.google.com/file/d/12PaCAbQ7q3IjtuItH-JYh9rOyDCgStX7/view?usp=drivesdk
Pneumologie,ITEM 224 - MTEV,PDF,https://drive.google.com/file/d/1NJnQboVhgiy-UUoaqsEwFmUtdl5F684V/view?usp=drivesdk
Pneumologie,ITEM 205 - BPCO,PDF,https://drive.google.com/file/d/1Zcd37_-VIk_m6PrM00rxBToe08T9XYkP/view?usp=drivesdk
Pneumologie,ITEM 201 - HEMOPTYSIE,PDF,https://drive.google.com/file/d/1HyOvPKzvdgaqLd7WsezvlsLuPlV8hi4y/view?usp=drivesdk
Pneumologie,ITEM 202 - EPANCHEMENT PLEURAL_V2,PDF,https://drive.google.com/file/d/1aErzha6sAubJV5dutvKtC8vr3se5DsIg/view?usp=drivesdk
Pneumologie,ITEM 200 - TOUX CHRONIQUE,PDF,https://drive.google.com/file/d/1zTjBpUysORkhgoVApRflalJ3urnfzaYF/view?usp=drivesdk
Pneumologie,ITEM 199 - DYSPNEE,PDF,https://drive.google.com/file/d/10fsV0wWIjii0OLI5fhEQVf4vxdPeXI6U/view?usp=drivesdk
Pneumologie,ITEM 155 - TUBERCULOSE_V2,PDF,https://drive.google.com/file/d/18BjATpBOT_FQw_qsGSJ-jQa2cSZwRiqt/view?usp=drivesdk
Pneumologie,ITEM 151 - INFECTION BRONCHOPULMONAIRE_V2,PDF,https://drive.google.com/file/d/1YG2vzUMWTRN1j9hZKCpF3zzyyeQOVTzn/view?usp=drivesdk
Pneumologie,ITEM 188 - ATTEINTE RESPIRATOIRE CONNECTIVITE-VASCULARITE,PDF,https://drive.google.com/file/d/1HL5pa5E1cSnFXqBI49oBoYI-8W94kRU9/view?usp=drivesdk
Pneumologie,ITEM 108 - SYNDROME DAPNEE DU SOMMEIL_V2,PDF,https://drive.google.com/file/d/12K-ldzqkQ3Aqbpi4609RMZvVxeIFsKXe/view?usp=drivesdk
Pneumologie,ITEM 184 - ASTHME_V2,PDF,https://drive.google.com/file/d/1hyffh4p-xyY9R_gxvZilgpJxJZRmseRU/view?usp=drivesdk
Pneumologie,ITEM 184 - RHINITE ALLERGIQUE,PDF,https://drive.google.com/file/d/1HlXxUjK3cEUArrOUzfrIT0QcMYEZFAzt/view?usp=drivesdk
Pneumologie,ITEM 180 - MALADIE RESPIRATOIRE PROFESSIONNELLE_V2,PDF,https://drive.google.com/file/d/1ezM6nWOXtSrGwx63qVnb9cWTiBXBjXk7/view?usp=drivesdk
Pharmacologie,ITEM 326-7 - ANTI-HTA,PDF,https://drive.google.com/file/d/1n8JP0UJUEYms3ZgutSDwfiAhe5IprysY/view?usp=drivesdk
Pharmacologie,ITEM 324 - DISPOSITIFS MEDICAUX,PDF,https://drive.google.com/file/d/1j0LByUYDihyUnMtFXgdjxt1ga3pvAOY0/view?usp=drivesdk
Pharmacologie,ITEM 321 – EDUCATION-OBSERVANCE-AUTOMEDICATION_0,PDF,https://drive.google.com/file/d/1m5T26kARHJ2B7px8Xg-CK-JV-4opNeUp/view?usp=drivesdk
Pharmacologie,ITEM 322 - RISQUES MEDICAMENTEUX,PDF,https://drive.google.com/file/d/1Ur1fSwPEszenqlMdySRoA06ylvUG3cPP/view?usp=drivesdk
Pharmacologie,ITEM 326-6 - THROMBOLYSE,PDF,https://drive.google.com/file/d/15iXe-FHVNJF_dteJX1QykGXISsfy9QnE/view?usp=drivesdk
Pharmacologie,ITEM 326-4 - HEPARINE,PDF,https://drive.google.com/file/d/1H6fwR78B97tNe-tCPpeWAOnBF3SA5SqR/view?usp=drivesdk
Pharmacologie,ITEM 326-3 - ANTIAGREGANT,PDF,https://drive.google.com/file/d/1CDSlAamniK1yHR6wOAy4SAsZXP2M4gi-/view?usp=drivesdk
Pharmacologie,ITEM 319 - DECISION PERSONNALISEE_0,PDF,https://drive.google.com/file/d/1zw4Emk1Ix_HLzzmbs7eRX4W2lXr4ukhT/view?usp=drivesdk
Pharmacologie,ITEM 326-2 - AINS,PDF,https://drive.google.com/file/d/1bJeyw6SLoy4mcNIoQy0brJcRHuwxo9ml/view?usp=drivesdk
Pharmacologie,ITEM 326-5 - ANTICOAGULANTS ORAUX,PDF,https://drive.google.com/file/d/1WIVq0MvkI_xhC_utoUTm2lP4O0N3NDy-/view?usp=drivesdk
Pharmacologie,ITEM 326-1 - CORTICOIDES,PDF,https://drive.google.com/file/d/15GOvqehyIB_nRA4IY2v6qQd4BNG-fGb0/view?usp=drivesdk
Pharmacologie,ITEM 323 - CADRE REGLEMENTAIRE MEDICAMENT,PDF,https://drive.google.com/file/d/1UOS1cEm--P029ROEnT0Pgu_mVuHA4nYE/view?usp=drivesdk
Pharmacologie,ITEM 318 - BON USAGE DU MEDICAMENT,PDF,https://drive.google.com/file/d/15v3CSWpsDrKV7EzrxOQlVr5fhBZGuE0m/view?usp=drivesdk
Rhumatologie,ITEM 195 - ALGODYSTROPHIE,PDF,https://drive.google.com/file/d/1Kv4R-f48uAHvwdNt1NiVHvpKvHwwT1uG/view?usp=drivesdk
Rhumatologie,ITEM 193 - SPONDYLARTHROPATHIE_V2,PDF,https://drive.google.com/file/d/1ROJN5LT-6mTXYAadSFY3B2ehzJBHcDM3/view?usp=drivesdk
Rhumatologie,ITEM 304 - TUMEUR OSSEUSE,PDF,https://drive.google.com/file/d/1tNzxAmRVZc-rkpQF5O6aFmA0kafu3I8i/view?usp=drivesdk
Rhumatologie,ITEM 93 - RADICULALGIE-SYNDROME CANALAIRE,PDF,https://drive.google.com/file/d/18shoCLXjP_HLGm5csAfvJcaVHSiuTf4X/view?usp=drivesdk
Rhumatologie,ITEM 192 - POLYARTHRITE RHUMATOIDE,PDF,https://drive.google.com/file/d/1d8WEEAM-A_tArifUzMtjZPqitR8ToViE/view?usp=drivesdk
Rhumatologie,ITEM 357 - TENDINOPATHIE-BURSOPATHIE,PDF,https://drive.google.com/file/d/1sS22bjuPqrL7RPtUKe9SssY-8MtBGloo/view?usp=drivesdk
Rhumatologie,ITEM 92 - RACHIALGIE,PDF,https://drive.google.com/file/d/1KjsSm15zUz4rbKTo8q_ByVhpSdBani5R/view?usp=drivesdk
Rhumatologie,ITEM 125 - ARTHROSE,PDF,https://drive.google.com/file/d/13FSUM6CK9zmoK33P0PardChPmQpvjj4e/view?usp=drivesdk
Rhumatologie,ITEM 194 - ARTHROPATHIE MICROCRISTALLINE,PDF,https://drive.google.com/file/d/1Gihi3nYPJS7sylM2Bv25KU_qQu12rAvf/view?usp=drivesdk
Rhumatologie,ITEM 196 - ARTHRALGIE-ARTHRITE_V2,PDF,https://drive.google.com/file/d/1TJtmnuguNhMUSc79F665tU_nTV_YsM9N/view?usp=drivesdk
Rhumatologie,ITEM 153 - INFECTION OSTEOARTICULAIRE,PDF,https://drive.google.com/file/d/1C6gmZoLhG5uTdUbeUT-GT3ea9kxI7iLa/view?usp=drivesdk
Rhumatologie,ITEM 124 - OSTEOPATHIE FRAGILISANTE,PDF,https://drive.google.com/file/d/1sh6KWyEnvNZa5q-B5KqXBqO9tDoJSoPr/view?usp=drivesdk
Rhumatologie,ITEM 114 – RHUMATISME PSORIASIQUE,PDF,https://drive.google.com/file/d/1b4SbYmfFQaTPt16SUkw0fel4jbzRub_M/view?usp=drivesdk
Santé publique,ITEM 20 - INTERPRETATION ENQUETE EPIDEMIO,PDF,https://drive.google.com/file/d/1T4c3W3DIQD-rn-90o8Mw5l1L5DNKMcBT/view?usp=drivesdk
Santé publique,ITEM 57 - SITUATION DE PRECARITE,PDF,https://drive.google.com/file/d/1wtO_-7M96pMqzBH9FoLhnx40l25AA1-x/view?usp=drivesdk
Santé publique,ITEM 6 - SECURISATION PARCOURS PATIENT_0,PDF,https://drive.google.com/file/d/17j6B120-kmp463V6GothdTNK9VqF5L2O/view?usp=drivesdk
Santé publique,ITEM 5 - GESTION ERREUR-PLAINTE,PDF,https://drive.google.com/file/d/1FTHDrK8ZJzbXmwgdpNTjso3kxfxSZShH/view?usp=drivesdk
Santé publique,ITEM 3 - RAISONNEMENT-DECISION,PDF,https://drive.google.com/file/d/1K8hMYB-XjSCXFuLKpkvnA0bq6GQPR92X/view?usp=drivesdk
Santé publique,ITEM 4 - SECURITE-RISQUE-EVENEMENTS INDESIRABLES,PDF,https://drive.google.com/file/d/1bh73h2X34o6BU6mENeZGOHD_I5UTieAO/view?usp=drivesdk
Santé publique,ITEM 2 - VALEURS PROFESSIONNELLES,PDF,https://drive.google.com/file/d/1nMZZECoewyajeoJSi7--16ODVbQu9gjp/view?usp=drivesdk
Santé publique,ITEM 1 - RELATION MEDECIN-MALADE,PDF,https://drive.google.com/file/d/1l8nCUk6OIZOseDDoBWRe9C1IDSQ-d0_R/view?usp=drivesdk
Santé publique,ITEM 18 - REGLEMENTATION RECHERCHE CLINIQUE_0,PDF,https://drive.google.com/file/d/12HrPIP0HLTeWiRUCL63cgR2gLSzpfOLW/view?usp=drivesdk
Santé publique,ITEM 175 - RISQUE EAU-ALIMENTATION-TIAC,PDF,https://drive.google.com/file/d/1T7jZOFiJ1ssqCp4yzOcDrjNEhc4wPL6S/view?usp=drivesdk
Santé publique,ITEM 17 - SYSTEME CONVENTIONNEL,PDF,https://drive.google.com/file/d/14paeDLmubJxe4isC7syadrO1IpzAZ4ar/view?usp=drivesdk
Santé publique,ITEM 14 - FORMATION MEDICALE,PDF,https://drive.google.com/file/d/134bveyuTiDM8biP-1YhsS5gkzGNH87eB/view?usp=drivesdk
Santé publique,ITEM 13 - ASSSURANCE QUALITE-EVALUATION,PDF,https://drive.google.com/file/d/1Dv5EaDr2k1kJ8o-O-BoIA32VGFUI_cZM/view?usp=drivesdk
Santé publique,ITEM 15 - ORGANISATION DU SYSTEME DE SOINS,PDF,https://drive.google.com/file/d/1wvedh6yuF5ghm39ZO0Eisz46STuvc0YS/view?usp=drivesdk
Santé publique,ITEM 177 - SECURITE SANITAIRE-VEILLE SANITAIRE,PDF,https://drive.google.com/file/d/139c1pbW5cT8v1_9hiNglC71oOM3duR6w/view?usp=drivesdk
Santé publique,ITEM 16 - PROTECTION SOCIALE,PDF,https://drive.google.com/file/d/1kFE_FMeXw1q37mrcqC1so_PYu2PDCwGS/view?usp=drivesdk
Santé publique,ITEM 142 - SURVEILLANCE MALADIE INFECTIEUSE,PDF,https://drive.google.com/file/d/1fhTW-F4PA4YZBbmpkFtCm6WETqG3SjOX/view?usp=drivesdk
Santé publique,ITEM 19 - MESURE ETAT DE SANTE,PDF,https://drive.google.com/file/d/1hvgvr98jXQ1fW2szNQ7N1irI33sF5QdM/view?usp=drivesdk
Urgence - Réanimation,ITEM 332 - INTOXICATION,PDF,https://drive.google.com/file/d/1fnOUogfVj97F7-KqOm37aAPWBl5Ti2en/view?usp=drivesdk
Urgence - Réanimation,ITEM 355 - INSUFFISANCE RESPIRATOIRE AIGUË,PDF,https://drive.google.com/file/d/1W0MYm0qawGiQRXW6mbgwMcqG8KT7wBJJ/view?usp=drivesdk
Urgence - Réanimation,ITEM 333 - ANAPHYLAXIE-OEDEME DE QUINCKE,PDF,https://drive.google.com/file/d/1GyuBjhmMnNA__xBaRFzTckG4jwPWcA9M/view?usp=drivesdk
Urgence - Réanimation,ITEM 329 - TRAUMA THORACIQUE,PDF,https://drive.google.com/file/d/13UCmBhmhlOttuXiHrBAam_F39dv6kQhm/view?usp=drivesdk
Urgence - Réanimation,ITEM 354 - SDRA,PDF,https://drive.google.com/file/d/1DdPOK5OuCh-F0Lysg-MEfI4ghrWkIzJc/view?usp=drivesdk
Urgence - Réanimation,ITEM 329 - TRAUMA DE MEMBRE,PDF,https://drive.google.com/file/d/1JPUqm9SkdolzWmEK1_edxfmgQnqESqTy/view?usp=drivesdk
Urgence - Réanimation,ITEM 331 - COMA NON TRAUMATIQUE,PDF,https://drive.google.com/file/d/1zojF7YePs5RQf2gwxdWJAipy5BTyMC5V/view?usp=drivesdk
Urgence - Réanimation,ITEM 329 - TRAUMA VERTEBRO-MEDULLAIRE,PDF,https://drive.google.com/file/d/1hx6z57kOnScLL-xKWrlSWd6Hs1KAaKNJ/view?usp=drivesdk
Urgence - Réanimation,ITEM 328-4 - CHOC CARDIOGENIQUE,PDF,https://drive.google.com/file/d/11ucsIi3C_RHxwKoX66vlxEN0F9Bg-9qd/view?usp=drivesdk
Urgence - Réanimation,ITEM 329 - TRAUMA ABDOMINAL,PDF,https://drive.google.com/file/d/1eBNlRSusGUs2_MwelPcPndpwuBQw9WsS/view?usp=drivesdk
Urgence - Réanimation,ITEM 329 - POLYTRAUMATISME ,PDF,https://drive.google.com/file/d/1gptRLQyOpmfTqDRQpXCx5GYYTOlF9NVv/view?usp=drivesdk
Urgence - Réanimation,ITEM 328-3 - CHOC SEPTIQUE,PDF,https://drive.google.com/file/d/1jqp1gYadmbPx4lrw5UseUeZmLgGa6kO0/view?usp=drivesdk
Urgence - Réanimation,ITEM 329 - BRULURES,PDF,https://drive.google.com/file/d/1yLf9CxgcAt1bvxdib0AMQ_uR3anzdvhL/view?usp=drivesdk
Urgence - Réanimation,ITEM 329 – HYPOTHERMIE-HYPERTHERMIE,PDF,https://drive.google.com/file/d/11B030jhpU6KNQ2BObe4XX2SV0DOIPFwj/view?usp=drivesdk
Urgence - Réanimation,ITEM 328-2 - CHOC HYPOVOLEMIQUE-HEMORRAGIQUE,PDF,https://drive.google.com/file/d/1kkykeOILMKuhDojDDZ6o4Zb2bCEN71FD/view?usp=drivesdk
Urgence - Réanimation,ITEM 328-5 - CHOC ANAPHYLACTIQUE,PDF,https://drive.google.com/file/d/1SZSDNcd1evvlNwu_W_tw3s-6zoSYx8FE/view?usp=drivesdk
Urgence - Réanimation,ITEM 328-1 - ETAT DE CHOC,PDF,https://drive.google.com/file/d/1ibVeulvKy11tBDznBpuZncwIIxa2CkrQ/view?usp=drivesdk
Urgence - Réanimation,ITEM 327 - ACR,PDF,https://drive.google.com/file/d/1urgE3rxGguktmk-EwXC31SQBEqo3Xhh1/view?usp=drivesdk
Urgence - Réanimation,ITEM 291 - SYNDROME DE LYSE TUMORALE,PDF,https://drive.google.com/file/d/1D0cT5h0EkpBSaJEj3lEcq4wAHM8dPfKg/view?usp=drivesdk
Urgence - Réanimation,ITEM 212 - CIVD-MAT-SAPL,PDF,https://drive.google.com/file/d/1H0gwWE7Ya2n-oJh57G5Os8qzC8ugKkQw/view?usp=drivesdk
Urgence - Réanimation,ITEM 163 - INSUFFISANCE HEPATIQUE AIGUE,PDF,https://drive.google.com/file/d/10SOxs_5O8xkCdqHHbURDXOMzccvES7HB/view?usp=drivesdk
Urologie,ITEM 342 - RETENTION AIGUE DURINE,PDF,https://drive.google.com/file/d/1z9Y-zsh3Sik3YesuProfclUBQKp1BF_4/view?usp=drivesdk
Urologie,ITEM 37 - STERILITE,PDF,https://drive.google.com/file/d/120NkgnKB1ZGsBDu5fQgYCOEi-YdEnMU2/view?usp=drivesdk
Urologie,ITEM 308 - TUMEUR RENALE,PDF,https://drive.google.com/file/d/1I1fyZsUS9nu8lNpqCv9RBraEsmJ41-e8/view?usp=drivesdk
Urologie,ITEM 48 - PATHOLOGIE GENITO-SCROTALE,PDF,https://drive.google.com/file/d/1RYBuVnXHzwvw8w5Gl4tu2pI3HSpAw9Rz/view?usp=drivesdk
Urologie,ITEM 310 - TUMEUR TESTICULE,PDF,https://drive.google.com/file/d/1j--EMp_SRD0k6hY8E5KYqCmjo2GER4NE/view?usp=drivesdk
Urologie,ITEM 56 - TROUBLE SEXUALITE HOMME,PDF,https://drive.google.com/file/d/1_HbmjPZv5Er6uQ0e4kveVMrAscs6Tajw/view?usp=drivesdk
Urologie,ITEM 35 - CONTRACEPTION HOMME,PDF,https://drive.google.com/file/d/1H7Ki8h7umKw3_sRlgOZ42QriM1p6xruE/view?usp=drivesdk
Urologie,ITEM 311 - TUMEUR VESICALE,PDF,https://drive.google.com/file/d/1YD3ghoE2q5DRlgli6PvmdqIamp7ESiam/view?usp=drivesdk
Urologie,ITEM 307 - TUMEUR PROSTATE,PDF,https://drive.google.com/file/d/1imoIgyitVoFkt4b6BY664JGJsFQSQdyx/view?usp=drivesdk
Urologie,ITEM 262 - LITHIASE URINAIRE,PDF,https://drive.google.com/file/d/1_2_sp3kvsOxifFbW_jndVZDyFulVqI4P/view?usp=drivesdk
Urologie,ITEM 157 - INFECTION URINAIRE,PDF,https://drive.google.com/file/d/1JNuqICXgrugbphYaPXfkox-ZRfgT3frl/view?usp=drivesdk
Urologie,ITEM 120 - ANDROPAUSE,PDF,https://drive.google.com/file/d/1ZmJv_80vA1Z2WglmKwngC_IYMgu3LDzU/view?usp=drivesdk
Urologie,ITEM 257 - HEMATURIE UROLOGIQUE,PDF,https://drive.google.com/file/d/1dNxHfcPaUcv1PkhIdpHMNeQzOK1M2Dz4/view?usp=drivesdk
Urologie,ITEM 158 - INFECTION GENITALE MASCULINE,PDF,https://drive.google.com/file/d/11myul3nR7m5vSNq1msGOV03yzaD-MSOb/view?usp=drivesdk
Urologie,ITEM 123 - HYPERTROPHIE BENIGNE DE PROSTATE,PDF,https://drive.google.com/file/d/1Njpz8FAW1FY28qGsNnfzQhll6EemgJyz/view?usp=drivesdk
Urologie,ITEM 122 - TROUBLES DE LERECTION,PDF,https://drive.google.com/file/d/1DC-yl-qfc4Kimu4FpmCPPatdelOX5yEf/view?usp=drivesdk
Urologie,ITEM 121 - TROUBLES MICTIONNELS,PDF,https://drive.google.com/file/d/1xwQU_2HjLpyEZ6PhkfZH-9BBKVk2Nsnd/view?usp=drivesdk